Date,Time,1RSS(dB),2RSS(dB),RQly(%),RSNR(dB),ANT,RFMD,TPWR(mW),TRSS(dB),TQly(%),TSNR(dB),TRSP(%),TFPS(Hz),RRSP(%),TPWR(dBm),Ptch(rad),Roll(rad),Yaw(rad),FM,RxBt(V),Curr(A),Capa(mAh),Bat%(%),GPS,GSpd(kmh),Hdg(ｰ),Alt(m),Sats,VSpd(m/s),Hdg(ｰ),GSpd(m/s),Rud,Ele,Thr,Ail,P1,P2,P3,SL1,SL2,SA,SB,SC,SD,SE,SF,SG,SH,LSW,CH1(us),CH2(us),CH3(us),CH4(us),CH5(us),CH6(us),CH7(us),CH8(us),CH9(us),CH10(us),CH11(us),CH12(us),CH13(us),CH14(us),CH15(us),CH16(us),CH17(us),CH18(us),CH19(us),CH20(us),CH21(us),CH22(us),CH23(us),CH24(us),CH25(us),CH26(us),CH27(us),CH28(us),CH29(us),CH30(us),CH31(us),CH32(us),TxBat(V)
2025-02-09,16:15:40.610,-19,0,100,0,0,1,250,-18,100,11,100,50,100,24,-0.04,0.00,-0.32,ANGL,16.6,0.3,202,97,51.442148 11.576354,5.0,45,50,9,0.0,45,1.4,0,0,0,0,-148,-13,-1024,-1024,-1024,928,23,0,0,0,0,0,0,0,0,1,0,-1,0x0500001800000000,1494,1511,1428,1505,1000,1275,1000,1500,1040,1500,1500,1000,1500,988,1500,1500,1500,1500,1500,1500,1500,1500,1500,1500,1500,1500,1500,1500,1500,1500,1500,1500,8.2
2025-02-09,16:15:40.860,-19,0,100,0,0,1,250,-18,100,11,100,50,100,24,-0.04,0.00,-0.32,ANGL,16.6,0.3,202,97,51.442180 11.576405,5.0,45,50,9,0.0,45,1.4,0,0,0,0,-148,-13,-1024,-1024,-1024,928,23,0,0,0,0,0,0,0,0,1,0,-1,0x0500001800000000,1494,1511,1428,1505,1000,1275,1000,1500,1040,1500,1500,1000,1500,988,1500,1500,1500,1500,1500,1500,1500,1500,1500,1500,1500,1500,1500,1500,1500,1500,1500,1500,8.2
2025-02-09,16:15:41.110,-19,0,100,0,0,1,250,-18,100,11,100,50,100,24,-0.04,0.00,-0.32,ANGL,16.6,0.3,202,97,51.442212 11.576456,5.0,45,50,9,0.0,45,1.4,0,0,0,0,-148,-13,-1024,-1024,-1024,928,23,0,0,0,0,0,0,0,0,1,0,-1,0x0500001800000000,1494,1511,1428,1505,1000,1275,1000,1500,1040,1500,1500,1000,1500,988,1500,1500,1500,1500,1500,1500,1500,1500,1500,1500,1500,1500,1500,1500,1500,1500,1500,1500,8.2
2025-02-09,16:15:41.360,-19,0,100,0,0,1,250,-18,100,11,100,50,100,24,-0.04,0.00,-0.32,ANGL,16.6,0.3,202,97,51.442243 11.576507,5.0,45,50,9,0.0,45,1.4,0,0,0,0,-148,-13,-1024,-1024,-1024,928,23,0,0,0,0,0,0,0,0,1,0,-1,0x0500001800000000,1494,1511,1428,1505,1000,1275,1000,1500,1040,1500,1500,1000,1500,988,1500,1500,1500,1500,1500,1500,1500,1500,1500,1500,1500,1500,1500,1500,1500,1500,1500,1500,8.2
2025-02-09,16:15:41.610,-19,0,100,0,0,1,250,-18,100,11,100,50,100,24,-0.04,0.00,-0.32,ANGL,16.6,0.3,202,97,51.442275 11.576558,5.0,45,50,9,0.0,45,1.4,0,0,0,0,-148,-13,-1024,-1024,-1024,928,23,0,0,0,0,0,0,0,0,1,0,-1,0x0500001800000000,1494,1511,1428,1505,1000,1275,1000,1500,1040,1500,1500,1000,1500,988,1500,1500,1500,1500,1500,1500,1500,1500,1500,1500,1500,1500,1500,1500,1500,1500,1500,1500,8.2
2025-02-09,16:15:41.860,-19,0,100,0,0,1,250,-18,100,11,100,50,100,24,-0.04,0.00,-0.32,ANGL,16.6,0.3,202,97,51.442307 11.576609,5.0,45,50,9,0.0,45,1.4,0,0,0,0,-148,-13,-1024,-1024,-1024,928,23,0,0,0,0,0,0,0,0,1,0,-1,0x0500001800000000,1494,1511,1428,1505,1000,1275,1000,1500,1040,1500,1500,1000,1500,988,1500,1500,1500,1500,1500,1500,1500,1500,1500,1500,1500,1500,1500,1500,1500,1500,1500,1500,8.2
2025-02-09,16:15:42.110,-19,0,100,0,0,1,250,-18,100,11,100,50,100,24,-0.04,0.00,-0.32,ANGL,16.6,0.3,202,97,51.442339 11.576660,5.0,45,50,9,0.0,45,1.4,0,0,0,0,-148,-13,-1024,-1024,-1024,928,23,0,0,0,0,0,0,0,0,1,0,-1,0x0500001800000000,1494,1511,1428,1505,1000,1275,1000,1500,1040,1500,1500,1000,1500,988,1500,1500,1500,1500,1500,1500,1500,1500,1500,1500,1500,1500,1500,1500,1500,1500,1500,1500,8.2
2025-02-09,16:15:42.360,-19,0,100,0,0,1,250,-18,100,11,100,50,100,24,-0.04,0.00,-0.32,ANGL,16.6,0.3,202,97,51.442371 11.576711,5.0,45,50,9,0.0,45,1.4,0,0,0,0,-148,-13,-1024,-1024,-1024,928,23,0,0,0,0,0,0,0,0,1,0,-1,0x0500001800000000,1494,1511,1428,1505,1000,1275,1000,1500,1040,1500,1500,1000,1500,988,1500,1500,1500,1500,1500,1500,1500,1500,1500,1500,1500,1500,1500,1500,1500,1500,1500,1500,8.2
2025-02-09,16:15:42.610,-19,0,100,0,0,1,250,-18,100,11,100,50,100,24,-0.04,0.00,-0.32,ANGL,16.6,0.3,202,97,51.442402 11.576762,5.0,45,50,9,0.0,45,1.4,0,0,0,0,-148,-13,-1024,-1024,-1024,928,23,0,0,0,0,0,0,0,0,1,0,-1,0x0500001800000000,1494,1511,1428,1505,1000,1275,1000,1500,1040,1500,1500,1000,1500,988,1500,1500,1500,1500,1500,1500,1500,1500,1500,1500,1500,1500,1500,1500,1500,1500,1500,1500,8.2
2025-02-09,16:15:42.860,-19,0,100,0,0,1,250,-18,100,11,100,50,100,24,-0.04,0.00,-0.32,ANGL,16.6,0.3,202,97,51.442434 11.576813,5.0,45,50,9,0.0,45,1.4,0,0,0,0,-148,-13,-1024,-1024,-1024,928,23,0,0,0,0,0,0,0,0,1,0,-1,0x0500001800000000,1494,1511,1428,1505,1000,1275,1000,1500,1040,1500,1500,1000,1500,988,1500,1500,1500,1500,1500,1500,1500,1500,1500,1500,1500,1500,1500,1500,1500,1500,1500,1500,8.2
2025-02-09,16:15:43.110,-19,0,100,0,0,1,250,-18,100,11,100,50,100,24,-0.04,0.00,-0.32,ANGL,16.6,0.3,202,97,51.442466 11.576864,5.0,45,50,9,0.0,45,1.4,0,0,0,0,-148,-13,-1024,-1024,-1024,928,23,0,0,0,0,0,0,0,0,1,0,-1,0x0500001800000000,1494,1511,1428,1505,1000,1275,1000,1500,1040,1500,1500,1000,1500,988,1500,1500,1500,1500,1500,1500,1500,1500,1500,1500,1500,1500,1500,1500,1500,1500,1500,1500,8.2
2025-02-09,16:15:43.360,-19,0,100,0,0,1,250,-18,100,11,100,50,100,24,-0.04,0.00,-0.32,ANGL,16.6,0.3,202,97,51.442498 11.576915,5.0,45,50,9,0.0,45,1.4,0,0,0,0,-148,-13,-1024,-1024,-1024,928,23,0,0,0,0,0,0,0,0,1,0,-1,0x0500001800000000,1494,1511,1428,1505,1000,1275,1000,1500,1040,1500,1500,1000,1500,988,1500,1500,1500,1500,1500,1500,1500,1500,1500,1500,1500,1500,1500,1500,1500,1500,1500,1500,8.2
2025-02-09,16:15:43.610,-19,0,100,0,0,1,250,-18,100,11,100,50,100,24,-0.04,0.00,-0.32,ANGL,16.6,0.3,202,97,51.442530 11.576966,5.0,45,50,9,0.0,45,1.4,0,0,0,0,-148,-13,-1024,-1024,-1024,928,23,0,0,0,0,0,0,0,0,1,0,-1,0x0500001800000000,1494,1511,1428,1505,1000,1275,1000,1500,1040,1500,1500,1000,1500,988,1500,1500,1500,1500,1500,1500,1500,1500,1500,1500,1500,1500,1500,1500,1500,1500,1500,1500,8.2
2025-02-09,16:15:43.860,-19,0,100,0,0,1,250,-18,100,11,100,50,100,24,-0.04,0.00,-0.32,ANGL,16.6,0.3,202,97,51.442561 11.577017,5.0,45,50,9,0.0,45,1.4,0,0,0,0,-148,-13,-1024,-1024,-1024,928,23,0,0,0,0,0,0,0,0,1,0,-1,0x0500001800000000,1494,1511,1428,1505,1000,1275,1000,1500,1040,1500,1500,1000,1500,988,1500,1500,1500,1500,1500,1500,1500,1500,1500,1500,1500,1500,1500,1500,1500,1500,1500,1500,8.2
2025-02-09,16:15:44.110,-19,0,100,0,0,1,250,-18,100,11,100,50,100,24,-0.04,0.00,-0.32,ANGL,16.6,0.3,202,97,51.442593 11.577068,5.0,45,50,9,0.0,45,1.4,0,0,0,0,-148,-13,-1024,-1024,-1024,928,23,0,0,0,0,0,0,0,0,1,0,-1,0x0500001800000000,1494,1511,1428,1505,1000,1275,1000,1500,1040,1500,1500,1000,1500,988,1500,1500,1500,1500,1500,1500,1500,1500,1500,1500,1500,1500,1500,1500,1500,1500,1500,1500,8.2
2025-02-09,16:15:44.360,-19,0,100,0,0,1,250,-18,100,11,100,50,100,24,-0.04,0.00,-0.32,ANGL,16.6,0.3,202,97,51.442625 11.577119,5.0,45,50,9,0.0,45,1.4,0,0,0,0,-148,-13,-1024,-1024,-1024,928,23,0,0,0,0,0,0,0,0,1,0,-1,0x0500001800000000,1494,1511,1428,1505,1000,1275,1000,1500,1040,1500,1500,1000,1500,988,1500,1500,1500,1500,1500,1500,1500,1500,1500,1500,1500,1500,1500,1500,1500,1500,1500,1500,8.2
2025-02-09,16:15:44.610,-19,0,100,0,0,1,250,-18,100,11,100,50,100,24,-0.04,0.00,-0.32,ANGL,16.6,0.3,202,97,51.442657 11.577170,5.0,45,50,9,0.0,45,1.4,0,0,0,0,-148,-13,-1024,-1024,-1024,928,23,0,0,0,0,0,0,0,0,1,0,-1,0x0500001800000000,1494,1511,1428,1505,1000,1275,1000,1500,1040,1500,1500,1000,1500,988,1500,1500,1500,1500,1500,1500,1500,1500,1500,1500,1500,1500,1500,1500,1500,1500,1500,1500,8.2
2025-02-09,16:15:44.860,-19,0,100,0,0,1,250,-18,100,11,100,50,100,24,-0.04,0.00,-0.32,ANGL,16.6,0.3,202,97,51.442689 11.577221,5.0,45,50,9,0.0,45,1.4,0,0,0,0,-148,-13,-1024,-1024,-1024,928,23,0,0,0,0,0,0,0,0,1,0,-1,0x0500001800000000,1494,1511,1428,1505,1000,1275,1000,1500,1040,1500,1500,1000,1500,988,1500,1500,1500,1500,1500,1500,1500,1500,1500,1500,1500,1500,1500,1500,1500,1500,1500,1500,8.2
2025-02-09,16:15:45.110,-19,0,100,0,0,1,250,-18,100,11,100,50,100,24,-0.04,0.00,-0.32,ANGL,16.6,0.3,202,97,51.442720 11.577272,5.0,45,50,9,0.0,45,1.4,0,0,0,0,-148,-13,-1024,-1024,-1024,928,23,0,0,0,0,0,0,0,0,1,0,-1,0x0500001800000000,1494,1511,1428,1505,1000,1275,1000,1500,1040,1500,1500,1000,1500,988,1500,1500,1500,1500,1500,1500,1500,1500,1500,1500,1500,1500,1500,1500,1500,1500,1500,1500,8.2
2025-02-09,16:15:45.360,-19,0,100,0,0,1,250,-18,100,11,100,50,100,24,-0.04,0.00,-0.32,ANGL,16.6,0.3,202,97,51.442752 11.577323,5.0,45,50,9,0.0,45,1.4,0,0,0,0,-148,-13,-1024,-1024,-1024,928,23,0,0,0,0,0,0,0,0,1,0,-1,0x0500001800000000,1494,1511,1428,1505,1000,1275,1000,1500,1040,1500,1500,1000,1500,988,1500,1500,1500,1500,1500,1500,1500,1500,1500,1500,1500,1500,1500,1500,1500,1500,1500,1500,8.2
2025-02-09,16:15:45.610,-19,0,100,0,0,1,250,-18,100,11,100,50,100,24,-0.04,0.00,-0.32,ANGL,16.6,0.3,202,97,51.442784 11.577374,5.0,45,50,9,0.0,45,1.4,0,0,0,0,-148,-13,-1024,-1024,-1024,928,23,0,0,0,0,0,0,0,0,1,0,-1,0x0500001800000000,1494,1511,1428,1505,1000,1275,1000,1500,1040,1500,1500,1000,1500,988,1500,1500,1500,1500,1500,1500,1500,1500,1500,1500,1500,1500,1500,1500,1500,1500,1500,1500,8.2
2025-02-09,16:15:45.860,-19,0,100,0,0,1,250,-18,100,11,100,50,100,24,-0.04,0.00,-0.32,ANGL,16.6,0.3,202,97,51.442816 11.577425,5.0,45,50,9,0.0,45,1.4,0,0,0,0,-148,-13,-1024,-1024,-1024,928,23,0,0,0,0,0,0,0,0,1,0,-1,0x0500001800000000,1494,1511,1428,1505,1000,1275,1000,1500,1040,1500,1500,1000,1500,988,1500,1500,1500,1500,1500,1500,1500,1500,1500,1500,1500,1500,1500,1500,1500,1500,1500,1500,8.2
2025-02-09,16:15:46.110,-19,0,100,0,0,1,250,-18,100,11,100,50,100,24,-0.04,0.00,-0.32,ANGL,16.6,0.3,202,97,51.442848 11.577476,5.0,45,50,9,0.0,45,1.4,0,0,0,0,-148,-13,-1024,-1024,-1024,928,23,0,0,0,0,0,0,0,0,1,0,-1,0x0500001800000000,1494,1511,1428,1505,1000,1275,1000,1500,1040,1500,1500,1000,1500,988,1500,1500,1500,1500,1500,1500,1500,1500,1500,1500,1500,1500,1500,1500,1500,1500,1500,1500,8.2
2025-02-09,16:15:46.360,-19,0,100,0,0,1,250,-18,100,11,100,50,100,24,-0.04,0.00,-0.32,ANGL,16.6,0.3,202,97,51.442879 11.577527,5.0,45,50,9,0.0,45,1.4,0,0,0,0,-148,-13,-1024,-1024,-1024,928,23,0,0,0,0,0,0,0,0,1,0,-1,0x0500001800000000,1494,1511,1428,1505,1000,1275,1000,1500,1040,1500,1500,1000,1500,988,1500,1500,1500,1500,1500,1500,1500,1500,1500,1500,1500,1500,1500,1500,1500,1500,1500,1500,8.2
2025-02-09,16:15:46.610,-19,0,100,0,0,1,250,-18,100,11,100,50,100,24,-0.04,0.00,-0.32,ANGL,16.6,0.3,202,97,51.442911 11.577578,5.0,45,50,9,0.0,45,1.4,0,0,0,0,-148,-13,-1024,-1024,-1024,928,23,0,0,0,0,0,0,0,0,1,0,-1,0x0500001800000000,1494,1511,1428,1505,1000,1275,1000,1500,1040,1500,1500,1000,1500,988,1500,1500,1500,1500,1500,1500,1500,1500,1500,1500,1500,1500,1500,1500,1500,1500,1500,1500,8.2
2025-02-09,16:15:46.860,-19,0,100,0,0,1,250,-18,100,11,100,50,100,24,-0.04,0.00,-0.32,ANGL,16.6,0.3,202,97,51.442943 11.577629,5.0,45,50,9,0.0,45,1.4,0,0,0,0,-148,-13,-1024,-1024,-1024,928,23,0,0,0,0,0,0,0,0,1,0,-1,0x0500001800000000,1494,1511,1428,1505,1000,1275,1000,1500,1040,1500,1500,1000,1500,988,1500,1500,1500,1500,1500,1500,1500,1500,1500,1500,1500,1500,1500,1500,1500,1500,1500,1500,8.2
2025-02-09,16:15:47.110,-19,0,100,0,0,1,250,-18,100,11,100,50,100,24,-0.04,0.00,-0.32,ANGL,16.6,0.3,202,97,51.442975 11.577680,5.0,45,50,9,0.0,45,1.4,0,0,0,0,-148,-13,-1024,-1024,-1024,928,23,0,0,0,0,0,0,0,0,1,0,-1,0x0500001800000000,1494,1511,1428,1505,1000,1275,1000,1500,1040,1500,1500,1000,1500,988,1500,1500,1500,1500,1500,1500,1500,1500,1500,1500,1500,1500,1500,1500,1500,1500,1500,1500,8.2
2025-02-09,16:15:47.360,-19,0,100,0,0,1,250,-18,100,11,100,50,100,24,-0.04,0.00,-0.32,ANGL,16.6,0.3,202,97,51.443006 11.577731,5.0,45,50,9,0.0,45,1.4,0,0,0,0,-148,-13,-1024,-1024,-1024,928,23,0,0,0,0,0,0,0,0,1,0,-1,0x0500001800000000,1494,1511,1428,1505,1000,1275,1000,1500,1040,1500,1500,1000,1500,988,1500,1500,1500,1500,1500,1500,1500,1500,1500,1500,1500,1500,1500,1500,1500,1500,1500,1500,8.2
2025-02-09,16:15:47.610,-19,0,100,0,0,1,250,-18,100,11,100,50,100,24,-0.04,0.00,-0.32,ANGL,16.6,0.3,202,97,51.443038 11.577782,5.0,45,50,9,0.0,45,1.4,0,0,0,0,-148,-13,-1024,-1024,-1024,928,23,0,0,0,0,0,0,0,0,1,0,-1,0x0500001800000000,1494,1511,1428,1505,1000,1275,1000,1500,1040,1500,1500,1000,1500,988,1500,1500,1500,1500,1500,1500,1500,1500,1500,1500,1500,1500,1500,1500,1500,1500,1500,1500,8.2
2025-02-09,16:15:47.860,-19,0,100,0,0,1,250,-18,100,11,100,50,100,24,-0.04,0.00,-0.32,ANGL,16.6,0.3,202,97,51.443070 11.577833,5.0,45,50,9,0.0,45,1.4,0,0,0,0,-148,-13,-1024,-1024,-1024,928,23,0,0,0,0,0,0,0,0,1,0,-1,0x0500001800000000,1494,1511,1428,1505,1000,1275,1000,1500,1040,1500,1500,1000,1500,988,1500,1500,1500,1500,1500,1500,1500,1500,1500,1500,1500,1500,1500,1500,1500,1500,1500,1500,8.2
2025-02-09,16:15:48.110,-19,0,100,0,0,1,250,-18,100,11,100,50,100,24,-0.04,0.00,-0.32,ANGL,16.6,0.3,202,97,51.443102 11.577884,5.0,45,50,9,0.0,45,1.4,0,0,0,0,-148,-13,-1024,-1024,-1024,928,23,0,0,0,0,0,0,0,0,1,0,-1,0x0500001800000000,1494,1511,1428,1505,1000,1275,1000,1500,1040,1500,1500,1000,1500,988,1500,1500,1500,1500,1500,1500,1500,1500,1500,1500,1500,1500,1500,1500,1500,1500,1500,1500,8.2
2025-02-09,16:15:48.360,-19,0,100,0,0,1,250,-18,100,11,100,50,100,24,-0.04,0.00,-0.32,ANGL,16.6,0.3,202,97,51.443134 11.577935,5.0,45,50,9,0.0,45,1.4,0,0,0,0,-148,-13,-1024,-1024,-1024,928,23,0,0,0,0,0,0,0,0,1,0,-1,0x0500001800000000,1494,1511,1428,1505,1000,1275,1000,1500,1040,1500,1500,1000,1500,988,1500,1500,1500,1500,1500,1500,1500,1500,1500,1500,1500,1500,1500,1500,1500,1500,1500,1500,8.2
2025-02-09,16:15:48.610,-19,0,100,0,0,1,250,-18,100,11,100,50,100,24,-0.04,0.00,-0.32,ANGL,16.6,0.3,202,97,51.443165 11.577986,5.0,45,50,9,0.0,45,1.4,0,0,0,0,-148,-13,-1024,-1024,-1024,928,23,0,0,0,0,0,0,0,0,1,0,-1,0x0500001800000000,1494,1511,1428,1505,1000,1275,1000,1500,1040,1500,1500,1000,1500,988,1500,1500,1500,1500,1500,1500,1500,1500,1500,1500,1500,1500,1500,1500,1500,1500,1500,1500,8.2
2025-02-09,16:15:48.860,-19,0,100,0,0,1,250,-18,100,11,100,50,100,24,-0.04,0.00,-0.32,ANGL,16.6,0.3,202,97,51.443197 11.578037,5.0,45,50,9,0.0,45,1.4,0,0,0,0,-148,-13,-1024,-1024,-1024,928,23,0,0,0,0,0,0,0,0,1,0,-1,0x0500001800000000,1494,1511,1428,1505,1000,1275,1000,1500,1040,1500,1500,1000,1500,988,1500,1500,1500,1500,1500,1500,1500,1500,1500,1500,1500,1500,1500,1500,1500,1500,1500,1500,8.2
2025-02-09,16:15:49.110,-19,0,100,0,0,1,250,-18,100,11,100,50,100,24,-0.04,0.00,-0.32,ANGL,16.6,0.3,202,97,51.443229 11.578088,5.0,45,50,9,0.0,45,1.4,0,0,0,0,-148,-13,-1024,-1024,-1024,928,23,0,0,0,0,0,0,0,0,1,0,-1,0x0500001800000000,1494,1511,1428,1505,1000,1275,1000,1500,1040,1500,1500,1000,1500,988,1500,1500,1500,1500,1500,1500,1500,1500,1500,1500,1500,1500,1500,1500,1500,1500,1500,1500,8.2
2025-02-09,16:15:49.360,-19,0,100,0,0,1,250,-18,100,11,100,50,100,24,-0.04,0.00,-0.32,ANGL,16.6,0.3,202,97,51.443261 11.578139,5.0,45,50,9,0.0,45,1.4,0,0,0,0,-148,-13,-1024,-1024,-1024,928,23,0,0,0,0,0,0,0,0,1,0,-1,0x0500001800000000,1494,1511,1428,1505,1000,1275,1000,1500,1040,1500,1500,1000,1500,988,1500,1500,1500,1500,1500,1500,1500,1500,1500,1500,1500,1500,1500,1500,1500,1500,1500,1500,8.2
2025-02-09,16:15:49.610,-19,0,100,0,0,1,250,-18,100,11,100,50,100,24,-0.04,0.00,-0.32,ANGL,16.6,0.3,202,97,51.443293 11.578190,5.0,45,50,9,0.0,45,1.4,0,0,0,0,-148,-13,-1024,-1024,-1024,928,23,0,0,0,0,0,0,0,0,1,0,-1,0x0500001800000000,1494,1511,1428,1505,1000,1275,1000,1500,1040,1500,1500,1000,1500,988,1500,1500,1500,1500,1500,1500,1500,1500,1500,1500,1500,1500,1500,1500,1500,1500,1500,1500,8.2
2025-02-09,16:15:49.860,-19,0,100,0,0,1,250,-18,100,11,100,50,100,24,-0.04,0.00,-0.32,ANGL,16.6,0.3,202,97,51.443324 11.578241,5.0,45,50,9,0.0,45,1.4,0,0,0,0,-148,-13,-1024,-1024,-1024,928,23,0,0,0,0,0,0,0,0,1,0,-1,0x0500001800000000,1494,1511,1428,1505,1000,1275,1000,1500,1040,1500,1500,1000,1500,988,1500,1500,1500,1500,1500,1500,1500,1500,1500,1500,1500,1500,1500,1500,1500,1500,1500,1500,8.2
2025-02-09,16:15:50.110,-19,0,100,0,0,1,250,-18,100,11,100,50,100,24,-0.04,0.00,-0.32,ANGL,16.6,0.3,202,97,51.443356 11.578292,5.0,45,50,9,0.0,45,1.4,0,0,0,0,-148,-13,-1024,-1024,-1024,928,23,0,0,0,0,0,0,0,0,1,0,-1,0x0500001800000000,1494,1511,1428,1505,1000,1275,1000,1500,1040,1500,1500,1000,1500,988,1500,1500,1500,1500,1500,1500,1500,1500,1500,1500,1500,1500,1500,1500,1500,1500,1500,1500,8.2
2025-02-09,16:15:50.360,-19,0,100,0,0,1,250,-18,100,11,100,50,100,24,-0.04,0.00,-0.32,ANGL,16.6,0.3,202,97,51.443388 11.578343,5.0,45,50,9,0.0,45,1.4,0,0,0,0,-148,-13,-1024,-1024,-1024,928,23,0,0,0,0,0,0,0,0,1,0,-1,0x0500001800000000,1494,1511,1428,1505,1000,1275,1000,1500,1040,1500,1500,1000,1500,988,1500,1500,1500,1500,1500,1500,1500,1500,1500,1500,1500,1500,1500,1500,1500,1500,1500,1500,8.2
2025-02-09,16:15:50.610,-19,0,100,0,0,1,250,-18,100,11,100,50,100,24,-0.04,0.00,-0.32,ANGL,16.6,0.3,202,97,51.443420 11.578394,5.0,45,50,9,0.0,45,1.4,0,0,0,0,-148,-13,-1024,-1024,-1024,928,23,0,0,0,0,0,0,0,0,1,0,-1,0x0500001800000000,1494,1511,1428,1505,1000,1275,1000,1500,1040,1500,1500,1000,1500,988,1500,1500,1500,1500,1500,1500,1500,1500,1500,1500,1500,1500,1500,1500,1500,1500,1500,1500,8.2
2025-02-09,16:15:50.860,-19,0,100,0,0,1,250,-18,100,11,100,50,100,24,-0.04,0.00,-0.32,ANGL,16.6,0.3,202,97,51.443452 11.578445,5.0,45,50,9,0.0,45,1.4,0,0,0,0,-148,-13,-1024,-1024,-1024,928,23,0,0,0,0,0,0,0,0,1,0,-1,0x0500001800000000,1494,1511,1428,1505,1000,1275,1000,1500,1040,1500,1500,1000,1500,988,1500,1500,1500,1500,1500,1500,1500,1500,1500,1500,1500,1500,1500,1500,1500,1500,1500,1500,8.2
2025-02-09,16:15:51.110,-19,0,100,0,0,1,250,-18,100,11,100,50,100,24,-0.04,0.00,-0.32,ANGL,16.6,0.3,202,97,51.443483 11.578496,5.0,45,50,9,0.0,45,1.4,0,0,0,0,-148,-13,-1024,-1024,-1024,928,23,0,0,0,0,0,0,0,0,1,0,-1,0x0500001800000000,1494,1511,1428,1505,1000,1275,1000,1500,1040,1500,1500,1000,1500,988,1500,1500,1500,1500,1500,1500,1500,1500,1500,1500,1500,1500,1500,1500,1500,1500,1500,1500,8.2
2025-02-09,16:15:51.360,-19,0,100,0,0,1,250,-18,100,11,100,50,100,24,-0.04,0.00,-0.32,ANGL,16.6,0.3,202,97,51.443515 11.578548,5.0,45,50,9,0.0,45,1.4,0,0,0,0,-148,-13,-1024,-1024,-1024,928,23,0,0,0,0,0,0,0,0,1,0,-1,0x0500001800000000,1494,1511,1428,1505,1000,1275,1000,1500,1040,1500,1500,1000,1500,988,1500,1500,1500,1500,1500,1500,1500,1500,1500,1500,1500,1500,1500,1500,1500,1500,1500,1500,8.2
2025-02-09,16:15:51.610,-19,0,100,0,0,1,250,-18,100,11,100,50,100,24,-0.04,0.00,-0.32,ANGL,16.6,0.3,202,97,51.443547 11.578599,5.0,45,50,9,0.0,45,1.4,0,0,0,0,-148,-13,-1024,-1024,-1024,928,23,0,0,0,0,0,0,0,0,1,0,-1,0x0500001800000000,1494,1511,1428,1505,1000,1275,1000,1500,1040,1500,1500,1000,1500,988,1500,1500,1500,1500,1500,1500,1500,1500,1500,1500,1500,1500,1500,1500,1500,1500,1500,1500,8.2
2025-02-09,16:15:51.860,-19,0,100,0,0,1,250,-18,100,11,100,50,100,24,-0.04,0.00,-0.32,ANGL,16.6,0.3,202,97,51.443579 11.578650,5.0,45,50,9,0.0,45,1.4,0,0,0,0,-148,-13,-1024,-1024,-1024,928,23,0,0,0,0,0,0,0,0,1,0,-1,0x0500001800000000,1494,1511,1428,1505,1000,1275,1000,1500,1040,1500,1500,1000,1500,988,1500,1500,1500,1500,1500,1500,1500,1500,1500,1500,1500,1500,1500,1500,1500,1500,1500,1500,8.2
2025-02-09,16:15:52.110,-19,0,100,0,0,1,250,-18,100,11,100,50,100,24,-0.04,0.00,-0.32,ANGL,16.6,0.3,202,97,51.443611 11.578701,5.0,45,50,9,0.0,45,1.4,0,0,0,0,-148,-13,-1024,-1024,-1024,928,23,0,0,0,0,0,0,0,0,1,0,-1,0x0500001800000000,1494,1511,1428,1505,1000,1275,1000,1500,1040,1500,1500,1000,1500,988,1500,1500,1500,1500,1500,1500,1500,1500,1500,1500,1500,1500,1500,1500,1500,1500,1500,1500,8.2
2025-02-09,16:15:52.360,-19,0,100,0,0,1,250,-18,100,11,100,50,100,24,-0.04,0.00,-0.32,ANGL,16.6,0.3,202,97,51.443642 11.578752,5.0,45,50,9,0.0,45,1.4,0,0,0,0,-148,-13,-1024,-1024,-1024,928,23,0,0,0,0,0,0,0,0,1,0,-1,0x0500001800000000,1494,1511,1428,1505,1000,1275,1000,1500,1040,1500,1500,1000,1500,988,1500,1500,1500,1500,1500,1500,1500,1500,1500,1500,1500,1500,1500,1500,1500,1500,1500,1500,8.2
2025-02-09,16:15:52.610,-19,0,100,0,0,1,250,-18,100,11,100,50,100,24,-0.04,0.00,-0.32,ANGL,16.6,0.3,202,97,51.443674 11.578803,5.0,45,50,9,0.0,45,1.4,0,0,0,0,-148,-13,-1024,-1024,-1024,928,23,0,0,0,0,0,0,0,0,1,0,-1,0x0500001800000000,1494,1511,1428,1505,1000,1275,1000,1500,1040,1500,1500,1000,1500,988,1500,1500,1500,1500,1500,1500,1500,1500,1500,1500,1500,1500,1500,1500,1500,1500,1500,1500,8.2
2025-02-09,16:15:52.860,-19,0,100,0,0,1,250,-18,100,11,100,50,100,24,-0.04,0.00,-0.32,ANGL,16.6,0.3,202,97,51.443706 11.578854,5.0,45,50,9,0.0,45,1.4,0,0,0,0,-148,-13,-1024,-1024,-1024,928,23,0,0,0,0,0,0,0,0,1,0,-1,0x0500001800000000,1494,1511,1428,1505,1000,1275,1000,1500,1040,1500,1500,1000,1500,988,1500,1500,1500,1500,1500,1500,1500,1500,1500,1500,1500,1500,1500,1500,1500,1500,1500,1500,8.2
2025-02-09,16:15:53.110,-19,0,100,0,0,1,250,-18,100,11,100,50,100,24,-0.04,0.00,-0.32,ANGL,16.6,0.3,202,97,51.443738 11.578905,5.0,45,50,9,0.0,45,1.4,0,0,0,0,-148,-13,-1024,-1024,-1024,928,23,0,0,0,0,0,0,0,0,1,0,-1,0x0500001800000000,1494,1511,1428,1505,1000,1275,1000,1500,1040,1500,1500,1000,1500,988,1500,1500,1500,1500,1500,1500,1500,1500,1500,1500,1500,1500,1500,1500,1500,1500,1500,1500,8.2
2025-02-09,16:15:53.360,-19,0,100,0,0,1,250,-18,100,11,100,50,100,24,-0.04,0.00,-0.32,ANGL,16.6,0.3,202,97,51.443770 11.578956,5.0,45,50,9,0.0,45,1.4,0,0,0,0,-148,-13,-1024,-1024,-1024,928,23,0,0,0,0,0,0,0,0,1,0,-1,0x0500001800000000,1494,1511,1428,1505,1000,1275,1000,1500,1040,1500,1500,1000,1500,988,1500,1500,1500,1500,1500,1500,1500,1500,1500,1500,1500,1500,1500,1500,1500,1500,1500,1500,8.2
2025-02-09,16:15:53.610,-19,0,100,0,0,1,250,-18,100,11,100,50,100,24,-0.04,0.00,-0.32,ANGL,16.6,0.3,202,97,51.443801 11.579007,5.0,45,50,9,0.0,45,1.4,0,0,0,0,-148,-13,-1024,-1024,-1024,928,23,0,0,0,0,0,0,0,0,1,0,-1,0x0500001800000000,1494,1511,1428,1505,1000,1275,1000,1500,1040,1500,1500,1000,1500,988,1500,1500,1500,1500,1500,1500,1500,1500,1500,1500,1500,1500,1500,1500,1500,1500,1500,1500,8.2
2025-02-09,16:15:53.860,-19,0,100,0,0,1,250,-18,100,11,100,50,100,24,-0.04,0.00,-0.32,ANGL,16.6,0.3,202,97,51.443833 11.579058,5.0,45,50,9,0.0,45,1.4,0,0,0,0,-148,-13,-1024,-1024,-1024,928,23,0,0,0,0,0,0,0,0,1,0,-1,0x0500001800000000,1494,1511,1428,1505,1000,1275,1000,1500,1040,1500,1500,1000,1500,988,1500,1500,1500,1500,1500,1500,1500,1500,1500,1500,1500,1500,1500,1500,1500,1500,1500,1500,8.2
2025-02-09,16:15:54.110,-19,0,100,0,0,1,250,-18,100,11,100,50,100,24,-0.04,0.00,-0.32,ANGL,16.6,0.3,202,97,51.443865 11.579109,5.0,45,50,9,0.0,45,1.4,0,0,0,0,-148,-13,-1024,-1024,-1024,928,23,0,0,0,0,0,0,0,0,1,0,-1,0x0500001800000000,1494,1511,1428,1505,1000,1275,1000,1500,1040,1500,1500,1000,1500,988,1500,1500,1500,1500,1500,1500,1500,1500,1500,1500,1500,1500,1500,1500,1500,1500,1500,1500,8.2
2025-02-09,16:15:54.360,-19,0,100,0,0,1,250,-18,100,11,100,50,100,24,-0.04,0.00,-0.32,ANGL,16.6,0.3,202,97,51.443897 11.579160,5.0,45,50,9,0.0,45,1.4,0,0,0,0,-148,-13,-1024,-1024,-1024,928,23,0,0,0,0,0,0,0,0,1,0,-1,0x0500001800000000,1494,1511,1428,1505,1000,1275,1000,1500,1040,1500,1500,1000,1500,988,1500,1500,1500,1500,1500,1500,1500,1500,1500,1500,1500,1500,1500,1500,1500,1500,1500,1500,8.2
2025-02-09,16:15:54.610,-19,0,100,0,0,1,250,-18,100,11,100,50,100,24,-0.04,0.00,-0.32,ANGL,16.6,0.3,202,97,51.443929 11.579211,5.0,45,50,9,0.0,45,1.4,0,0,0,0,-148,-13,-1024,-1024,-1024,928,23,0,0,0,0,0,0,0,0,1,0,-1,0x0500001800000000,1494,1511,1428,1505,1000,1275,1000,1500,1040,1500,1500,1000,1500,988,1500,1500,1500,1500,1500,1500,1500,1500,1500,1500,1500,1500,1500,1500,1500,1500,1500,1500,8.2
2025-02-09,16:15:54.860,-19,0,100,0,0,1,250,-18,100,11,100,50,100,24,-0.04,0.00,-0.32,ANGL,16.6,0.3,202,97,51.443960 11.579262,5.0,45,50,9,0.0,45,1.4,0,0,0,0,-148,-13,-1024,-1024,-1024,928,23,0,0,0,0,0,0,0,0,1,0,-1,0x0500001800000000,1494,1511,1428,1505,1000,1275,1000,1500,1040,1500,1500,1000,1500,988,1500,1500,1500,1500,1500,1500,1500,1500,1500,1500,1500,1500,1500,1500,1500,1500,1500,1500,8.2
2025-02-09,16:15:55.110,-19,0,100,0,0,1,250,-18,100,11,100,50,100,24,-0.04,0.00,-0.32,ANGL,16.6,0.3,202,97,51.443992 11.579313,5.0,45,50,9,0.0,45,1.4,0,0,0,0,-148,-13,-1024,-1024,-1024,928,23,0,0,0,0,0,0,0,0,1,0,-1,0x0500001800000000,1494,1511,1428,1505,1000,1275,1000,1500,1040,1500,1500,1000,1500,988,1500,1500,1500,1500,1500,1500,1500,1500,1500,1500,1500,1500,1500,1500,1500,1500,1500,1500,8.2
2025-02-09,16:15:55.360,-19,0,100,0,0,1,250,-18,100,11,100,50,100,24,-0.04,0.00,-0.32,ANGL,16.6,0.3,202,97,51.444024 11.579364,5.0,45,50,9,0.0,45,1.4,0,0,0,0,-148,-13,-1024,-1024,-1024,928,23,0,0,0,0,0,0,0,0,1,0,-1,0x0500001800000000,1494,1511,1428,1505,1000,1275,1000,1500,1040,1500,1500,1000,1500,988,1500,1500,1500,1500,1500,1500,1500,1500,1500,1500,1500,1500,1500,1500,1500,1500,1500,1500,8.2
2025-02-09,16:15:55.610,-19,0,100,0,0,1,250,-18,100,11,100,50,100,24,-0.04,0.00,-0.32,ANGL,16.6,0.3,202,97,51.444056 11.579415,5.0,45,50,9,0.0,45,1.4,0,0,0,0,-148,-13,-1024,-1024,-1024,928,23,0,0,0,0,0,0,0,0,1,0,-1,0x0500001800000000,1494,1511,1428,1505,1000,1275,1000,1500,1040,1500,1500,1000,1500,988,1500,1500,1500,1500,1500,1500,1500,1500,1500,1500,1500,1500,1500,1500,1500,1500,1500,1500,8.2
2025-02-09,16:15:55.860,-19,0,100,0,0,1,250,-18,100,11,100,50,100,24,-0.04,0.00,-0.32,ANGL,16.6,0.3,202,97,51.444088 11.579466,5.0,45,50,9,0.0,45,1.4,0,0,0,0,-148,-13,-1024,-1024,-1024,928,23,0,0,0,0,0,0,0,0,1,0,-1,0x0500001800000000,1494,1511,1428,1505,1000,1275,1000,1500,1040,1500,1500,1000,1500,988,1500,1500,1500,1500,1500,1500,1500,1500,1500,1500,1500,1500,1500,1500,1500,1500,1500,1500,8.2
2025-02-09,16:15:56.110,-19,0,100,0,0,1,250,-18,100,11,100,50,100,24,-0.04,0.00,-0.32,ANGL,16.6,0.3,202,97,51.444119 11.579517,5.0,45,50,9,0.0,45,1.4,0,0,0,0,-148,-13,-1024,-1024,-1024,928,23,0,0,0,0,0,0,0,0,1,0,-1,0x0500001800000000,1494,1511,1428,1505,1000,1275,1000,1500,1040,1500,1500,1000,1500,988,1500,1500,1500,1500,1500,1500,1500,1500,1500,1500,1500,1500,1500,1500,1500,1500,1500,1500,8.2
2025-02-09,16:15:56.360,-19,0,100,0,0,1,250,-18,100,11,100,50,100,24,-0.04,0.00,-0.32,ANGL,16.6,0.3,202,97,51.444151 11.579568,5.0,45,50,9,0.0,45,1.4,0,0,0,0,-148,-13,-1024,-1024,-1024,928,23,0,0,0,0,0,0,0,0,1,0,-1,0x0500001800000000,1494,1511,1428,1505,1000,1275,1000,1500,1040,1500,1500,1000,1500,988,1500,1500,1500,1500,1500,1500,1500,1500,1500,1500,1500,1500,1500,1500,1500,1500,1500,1500,8.2
2025-02-09,16:15:56.610,-19,0,100,0,0,1,250,-18,100,11,100,50,100,24,-0.04,0.00,-0.32,ANGL,16.6,0.3,202,97,51.444183 11.579619,5.0,45,50,9,0.0,45,1.4,0,0,0,0,-148,-13,-1024,-1024,-1024,928,23,0,0,0,0,0,0,0,0,1,0,-1,0x0500001800000000,1494,1511,1428,1505,1000,1275,1000,1500,1040,1500,1500,1000,1500,988,1500,1500,1500,1500,1500,1500,1500,1500,1500,1500,1500,1500,1500,1500,1500,1500,1500,1500,8.2
2025-02-09,16:15:56.860,-19,0,100,0,0,1,250,-18,100,11,100,50,100,24,-0.04,0.00,-0.32,ANGL,16.6,0.3,202,97,51.444215 11.579670,5.0,45,50,9,0.0,45,1.4,0,0,0,0,-148,-13,-1024,-1024,-1024,928,23,0,0,0,0,0,0,0,0,1,0,-1,0x0500001800000000,1494,1511,1428,1505,1000,1275,1000,1500,1040,1500,1500,1000,1500,988,1500,1500,1500,1500,1500,1500,1500,1500,1500,1500,1500,1500,1500,1500,1500,1500,1500,1500,8.2
2025-02-09,16:15:57.110,-19,0,100,0,0,1,250,-18,100,11,100,50,100,24,-0.04,0.00,-0.32,ANGL,16.6,0.3,202,97,51.444247 11.579721,5.0,45,50,9,0.0,45,1.4,0,0,0,0,-148,-13,-1024,-1024,-1024,928,23,0,0,0,0,0,0,0,0,1,0,-1,0x0500001800000000,1494,1511,1428,1505,1000,1275,1000,1500,1040,1500,1500,1000,1500,988,1500,1500,1500,1500,1500,1500,1500,1500,1500,1500,1500,1500,1500,1500,1500,1500,1500,1500,8.2
2025-02-09,16:15:57.360,-19,0,100,0,0,1,250,-18,100,11,100,50,100,24,-0.04,0.00,-0.32,ANGL,16.6,0.3,202,97,51.444278 11.579772,5.0,45,50,9,0.0,45,1.4,0,0,0,0,-148,-13,-1024,-1024,-1024,928,23,0,0,0,0,0,0,0,0,1,0,-1,0x0500001800000000,1494,1511,1428,1505,1000,1275,1000,1500,1040,1500,1500,1000,1500,988,1500,1500,1500,1500,1500,1500,1500,1500,1500,1500,1500,1500,1500,1500,1500,1500,1500,1500,8.2
2025-02-09,16:15:57.610,-19,0,100,0,0,1,250,-18,100,11,100,50,100,24,-0.04,0.00,-0.32,ANGL,16.6,0.3,202,97,51.444310 11.579823,5.0,45,50,9,0.0,45,1.4,0,0,0,0,-148,-13,-1024,-1024,-1024,928,23,0,0,0,0,0,0,0,0,1,0,-1,0x0500001800000000,1494,1511,1428,1505,1000,1275,1000,1500,1040,1500,1500,1000,1500,988,1500,1500,1500,1500,1500,1500,1500,1500,1500,1500,1500,1500,1500,1500,1500,1500,1500,1500,8.2
2025-02-09,16:15:57.860,-19,0,100,0,0,1,250,-18,100,11,100,50,100,24,-0.04,0.00,-0.32,ANGL,16.6,0.3,202,97,51.444342 11.579874,5.0,45,50,9,0.0,45,1.4,0,0,0,0,-148,-13,-1024,-1024,-1024,928,23,0,0,0,0,0,0,0,0,1,0,-1,0x0500001800000000,1494,1511,1428,1505,1000,1275,1000,1500,1040,1500,1500,1000,1500,988,1500,1500,1500,1500,1500,1500,1500,1500,1500,1500,1500,1500,1500,1500,1500,1500,1500,1500,8.2
2025-02-09,16:15:58.110,-19,0,100,0,0,1,250,-18,100,11,100,50,100,24,-0.04,0.00,-0.32,ANGL,16.6,0.3,202,97,51.444374 11.579925,5.0,45,50,9,0.0,45,1.4,0,0,0,0,-148,-13,-1024,-1024,-1024,928,23,0,0,0,0,0,0,0,0,1,0,-1,0x0500001800000000,1494,1511,1428,1505,1000,1275,1000,1500,1040,1500,1500,1000,1500,988,1500,1500,1500,1500,1500,1500,1500,1500,1500,1500,1500,1500,1500,1500,1500,1500,1500,1500,8.2
2025-02-09,16:15:58.360,-19,0,100,0,0,1,250,-18,100,11,100,50,100,24,-0.04,0.00,-0.32,ANGL,16.6,0.3,202,97,51.444406 11.579976,5.0,45,50,9,0.0,45,1.4,0,0,0,0,-148,-13,-1024,-1024,-1024,928,23,0,0,0,0,0,0,0,0,1,0,-1,0x0500001800000000,1494,1511,1428,1505,1000,1275,1000,1500,1040,1500,1500,1000,1500,988,1500,1500,1500,1500,1500,1500,1500,1500,1500,1500,1500,1500,1500,1500,1500,1500,1500,1500,8.2
2025-02-09,16:15:58.610,-19,0,100,0,0,1,250,-18,100,11,100,50,100,24,-0.04,0.00,-0.32,ANGL,16.6,0.3,202,97,51.444437 11.580027,5.0,45,50,9,0.0,45,1.4,0,0,0,0,-148,-13,-1024,-1024,-1024,928,23,0,0,0,0,0,0,0,0,1,0,-1,0x0500001800000000,1494,1511,1428,1505,1000,1275,1000,1500,1040,1500,1500,1000,1500,988,1500,1500,1500,1500,1500,1500,1500,1500,1500,1500,1500,1500,1500,1500,1500,1500,1500,1500,8.2
2025-02-09,16:15:58.860,-19,0,100,0,0,1,250,-18,100,11,100,50,100,24,-0.04,0.00,-0.32,ANGL,16.6,0.3,202,97,51.444469 11.580078,5.0,45,50,9,0.0,45,1.4,0,0,0,0,-148,-13,-1024,-1024,-1024,928,23,0,0,0,0,0,0,0,0,1,0,-1,0x0500001800000000,1494,1511,1428,1505,1000,1275,1000,1500,1040,1500,1500,1000,1500,988,1500,1500,1500,1500,1500,1500,1500,1500,1500,1500,1500,1500,1500,1500,1500,1500,1500,1500,8.2
2025-02-09,16:15:59.110,-19,0,100,0,0,1,250,-18,100,11,100,50,100,24,-0.04,0.00,-0.32,ANGL,16.6,0.3,202,97,51.444501 11.580129,5.0,45,50,9,0.0,45,1.4,0,0,0,0,-148,-13,-1024,-1024,-1024,928,23,0,0,0,0,0,0,0,0,1,0,-1,0x0500001800000000,1494,1511,1428,1505,1000,1275,1000,1500,1040,1500,1500,1000,1500,988,1500,1500,1500,1500,1500,1500,1500,1500,1500,1500,1500,1500,1500,1500,1500,1500,1500,1500,8.2
2025-02-09,16:15:59.360,-19,0,100,0,0,1,250,-18,100,11,100,50,100,24,-0.04,0.00,-0.32,ANGL,16.6,0.3,202,97,51.444533 11.580180,5.0,45,50,9,0.0,45,1.4,0,0,0,0,-148,-13,-1024,-1024,-1024,928,23,0,0,0,0,0,0,0,0,1,0,-1,0x0500001800000000,1494,1511,1428,1505,1000,1275,1000,1500,1040,1500,1500,1000,1500,988,1500,1500,1500,1500,1500,1500,1500,1500,1500,1500,1500,1500,1500,1500,1500,1500,1500,1500,8.2
2025-02-09,16:15:59.610,-19,0,100,0,0,1,250,-18,100,11,100,50,100,24,-0.04,0.00,-0.32,ANGL,16.6,0.3,202,97,51.444564 11.580231,5.0,45,50,9,0.0,45,1.4,0,0,0,0,-148,-13,-1024,-1024,-1024,928,23,0,0,0,0,0,0,0,0,1,0,-1,0x0500001800000000,1494,1511,1428,1505,1000,1275,1000,1500,1040,1500,1500,1000,1500,988,1500,1500,1500,1500,1500,1500,1500,1500,1500,1500,1500,1500,1500,1500,1500,1500,1500,1500,8.2
2025-02-09,16:15:59.860,-19,0,100,0,0,1,250,-18,100,11,100,50,100,24,-0.04,0.00,-0.32,ANGL,16.6,0.3,202,97,51.444596 11.580282,5.0,45,50,9,0.0,45,1.4,0,0,0,0,-148,-13,-1024,-1024,-1024,928,23,0,0,0,0,0,0,0,0,1,0,-1,0x0500001800000000,1494,1511,1428,1505,1000,1275,1000,1500,1040,1500,1500,1000,1500,988,1500,1500,1500,1500,1500,1500,1500,1500,1500,1500,1500,1500,1500,1500,1500,1500,1500,1500,8.2
2025-02-09,16:16:00.110,-19,0,100,0,0,1,250,-18,100,11,100,50,100,24,-0.04,0.00,-0.32,ANGL,16.6,0.3,202,97,51.444628 11.580333,5.0,45,50,9,0.0,45,1.4,0,0,0,0,-148,-13,-1024,-1024,-1024,928,23,0,0,0,0,0,0,0,0,1,0,-1,0x0500001800000000,1494,1511,1428,1505,1000,1275,1000,1500,1040,1500,1500,1000,1500,988,1500,1500,1500,1500,1500,1500,1500,1500,1500,1500,1500,1500,1500,1500,1500,1500,1500,1500,8.2
2025-02-09,16:16:00.360,-19,0,100,0,0,1,250,-18,100,11,100,50,100,24,-0.04,0.00,-0.32,ANGL,16.6,0.3,202,97,51.444660 11.580384,5.0,45,50,9,0.0,45,1.4,0,0,0,0,-148,-13,-1024,-1024,-1024,928,23,0,0,0,0,0,0,0,0,1,0,-1,0x0500001800000000,1494,1511,1428,1505,1000,1275,1000,1500,1040,1500,1500,1000,1500,988,1500,1500,1500,1500,1500,1500,1500,1500,1500,1500,1500,1500,1500,1500,1500,1500,1500,1500,8.2
2025-02-09,16:16:00.610,-19,0,100,0,0,1,250,-18,100,11,100,50,100,24,-0.04,0.00,-0.32,ANGL,16.6,0.3,202,97,51.444692 11.580435,5.0,45,50,9,0.0,45,1.4,0,0,0,0,-148,-13,-1024,-1024,-1024,928,23,0,0,0,0,0,0,0,0,1,0,-1,0x0500001800000000,1494,1511,1428,1505,1000,1275,1000,1500,1040,1500,1500,1000,1500,988,1500,1500,1500,1500,1500,1500,1500,1500,1500,1500,1500,1500,1500,1500,1500,1500,1500,1500,8.2
2025-02-09,16:16:00.860,-19,0,100,0,0,1,250,-18,100,11,100,50,100,24,-0.04,0.00,-0.32,ANGL,16.6,0.3,202,97,51.444723 11.580486,5.0,45,50,9,0.0,45,1.4,0,0,0,0,-148,-13,-1024,-1024,-1024,928,23,0,0,0,0,0,0,0,0,1,0,-1,0x0500001800000000,1494,1511,1428,1505,1000,1275,1000,1500,1040,1500,1500,1000,1500,988,1500,1500,1500,1500,1500,1500,1500,1500,1500,1500,1500,1500,1500,1500,1500,1500,1500,1500,8.2
2025-02-09,16:16:01.110,-19,0,100,0,0,1,250,-18,100,11,100,50,100,24,-0.04,0.00,-0.32,ANGL,16.6,0.3,202,97,51.444755 11.580537,5.0,45,50,9,0.0,45,1.4,0,0,0,0,-148,-13,-1024,-1024,-1024,928,23,0,0,0,0,0,0,0,0,1,0,-1,0x0500001800000000,1494,1511,1428,1505,1000,1275,1000,1500,1040,1500,1500,1000,1500,988,1500,1500,1500,1500,1500,1500,1500,1500,1500,1500,1500,1500,1500,1500,1500,1500,1500,1500,8.2
2025-02-09,16:16:01.360,-19,0,100,0,0,1,250,-18,100,11,100,50,100,24,-0.04,0.00,-0.32,ANGL,16.6,0.3,202,97,51.444787 11.580588,5.0,45,50,9,0.0,45,1.4,0,0,0,0,-148,-13,-1024,-1024,-1024,928,23,0,0,0,0,0,0,0,0,1,0,-1,0x0500001800000000,1494,1511,1428,1505,1000,1275,1000,1500,1040,1500,1500,1000,1500,988,1500,1500,1500,1500,1500,1500,1500,1500,1500,1500,1500,1500,1500,1500,1500,1500,1500,1500,8.2
2025-02-09,16:16:01.610,-19,0,100,0,0,1,250,-18,100,11,100,50,100,24,-0.04,0.00,-0.32,ANGL,16.6,0.3,202,97,51.444819 11.580639,5.0,45,50,9,0.0,45,1.4,0,0,0,0,-148,-13,-1024,-1024,-1024,928,23,0,0,0,0,0,0,0,0,1,0,-1,0x0500001800000000,1494,1511,1428,1505,1000,1275,1000,1500,1040,1500,1500,1000,1500,988,1500,1500,1500,1500,1500,1500,1500,1500,1500,1500,1500,1500,1500,1500,1500,1500,1500,1500,8.2
2025-02-09,16:16:01.860,-19,0,100,0,0,1,250,-18,100,11,100,50,100,24,-0.04,0.00,-0.32,ANGL,16.6,0.3,202,97,51.444851 11.580690,5.0,45,50,9,0.0,45,1.4,0,0,0,0,-148,-13,-1024,-1024,-1024,928,23,0,0,0,0,0,0,0,0,1,0,-1,0x0500001800000000,1494,1511,1428,1505,1000,1275,1000,1500,1040,1500,1500,1000,1500,988,1500,1500,1500,1500,1500,1500,1500,1500,1500,1500,1500,1500,1500,1500,1500,1500,1500,1500,8.2
2025-02-09,16:16:02.110,-19,0,100,0,0,1,250,-18,100,11,100,50,100,24,-0.04,0.00,-0.32,ANGL,16.6,0.3,202,97,51.444882 11.580741,5.0,45,50,9,0.0,45,1.4,0,0,0,0,-148,-13,-1024,-1024,-1024,928,23,0,0,0,0,0,0,0,0,1,0,-1,0x0500001800000000,1494,1511,1428,1505,1000,1275,1000,1500,1040,1500,1500,1000,1500,988,1500,1500,1500,1500,1500,1500,1500,1500,1500,1500,1500,1500,1500,1500,1500,1500,1500,1500,8.2
2025-02-09,16:16:02.360,-19,0,100,0,0,1,250,-18,100,11,100,50,100,24,-0.04,0.00,-0.32,ANGL,16.6,0.3,202,97,51.444914 11.580792,5.0,45,50,9,0.0,45,1.4,0,0,0,0,-148,-13,-1024,-1024,-1024,928,23,0,0,0,0,0,0,0,0,1,0,-1,0x0500001800000000,1494,1511,1428,1505,1000,1275,1000,1500,1040,1500,1500,1000,1500,988,1500,1500,1500,1500,1500,1500,1500,1500,1500,1500,1500,1500,1500,1500,1500,1500,1500,1500,8.2
2025-02-09,16:16:02.610,-19,0,100,0,0,1,250,-18,100,11,100,50,100,24,-0.04,0.00,-0.32,ANGL,16.6,0.3,202,97,51.444946 11.580843,5.0,45,50,9,0.0,45,1.4,0,0,0,0,-148,-13,-1024,-1024,-1024,928,23,0,0,0,0,0,0,0,0,1,0,-1,0x0500001800000000,1494,1511,1428,1505,1000,1275,1000,1500,1040,1500,1500,1000,1500,988,1500,1500,1500,1500,1500,1500,1500,1500,1500,1500,1500,1500,1500,1500,1500,1500,1500,1500,8.2
2025-02-09,16:16:02.860,-19,0,100,0,0,1,250,-18,100,11,100,50,100,24,-0.04,0.00,-0.32,ANGL,16.6,0.3,202,97,51.444978 11.580894,5.0,45,50,9,0.0,45,1.4,0,0,0,0,-148,-13,-1024,-1024,-1024,928,23,0,0,0,0,0,0,0,0,1,0,-1,0x0500001800000000,1494,1511,1428,1505,1000,1275,1000,1500,1040,1500,1500,1000,1500,988,1500,1500,1500,1500,1500,1500,1500,1500,1500,1500,1500,1500,1500,1500,1500,1500,1500,1500,8.2
2025-02-09,16:16:03.110,-19,0,100,0,0,1,250,-18,100,11,100,50,100,24,-0.04,0.00,-0.32,ANGL,16.6,0.3,202,97,51.445010 11.580945,5.0,45,50,9,0.0,45,1.4,0,0,0,0,-148,-13,-1024,-1024,-1024,928,23,0,0,0,0,0,0,0,0,1,0,-1,0x0500001800000000,1494,1511,1428,1505,1000,1275,1000,1500,1040,1500,1500,1000,1500,988,1500,1500,1500,1500,1500,1500,1500,1500,1500,1500,1500,1500,1500,1500,1500,1500,1500,1500,8.2
2025-02-09,16:16:03.360,-19,0,100,0,0,1,250,-18,100,11,100,50,100,24,-0.04,0.00,-0.32,ANGL,16.6,0.3,202,97,51.445041 11.580996,5.0,45,50,9,0.0,45,1.4,0,0,0,0,-148,-13,-1024,-1024,-1024,928,23,0,0,0,0,0,0,0,0,1,0,-1,0x0500001800000000,1494,1511,1428,1505,1000,1275,1000,1500,1040,1500,1500,1000,1500,988,1500,1500,1500,1500,1500,1500,1500,1500,1500,1500,1500,1500,1500,1500,1500,1500,1500,1500,8.2
2025-02-09,16:16:03.610,-19,0,100,0,0,1,250,-18,100,11,100,50,100,24,-0.04,0.00,-0.32,ANGL,16.6,0.3,202,97,51.445073 11.581047,5.0,45,50,9,0.0,45,1.4,0,0,0,0,-148,-13,-1024,-1024,-1024,928,23,0,0,0,0,0,0,0,0,1,0,-1,0x0500001800000000,1494,1511,1428,1505,1000,1275,1000,1500,1040,1500,1500,1000,1500,988,1500,1500,1500,1500,1500,1500,1500,1500,1500,1500,1500,1500,1500,1500,1500,1500,1500,1500,8.2
2025-02-09,16:16:03.860,-19,0,100,0,0,1,250,-18,100,11,100,50,100,24,-0.04,0.00,-0.32,ANGL,16.6,0.3,202,97,51.445105 11.581098,5.0,45,50,9,0.0,45,1.4,0,0,0,0,-148,-13,-1024,-1024,-1024,928,23,0,0,0,0,0,0,0,0,1,0,-1,0x0500001800000000,1494,1511,1428,1505,1000,1275,1000,1500,1040,1500,1500,1000,1500,988,1500,1500,1500,1500,1500,1500,1500,1500,1500,1500,1500,1500,1500,1500,1500,1500,1500,1500,8.2
2025-02-09,16:16:04.110,-19,0,100,0,0,1,250,-18,100,11,100,50,100,24,-0.04,0.00,-0.32,ANGL,16.6,0.3,202,97,51.445137 11.581149,5.0,45,50,9,0.0,45,1.4,0,0,0,0,-148,-13,-1024,-1024,-1024,928,23,0,0,0,0,0,0,0,0,1,0,-1,0x0500001800000000,1494,1511,1428,1505,1000,1275,1000,1500,1040,1500,1500,1000,1500,988,1500,1500,1500,1500,1500,1500,1500,1500,1500,1500,1500,1500,1500,1500,1500,1500,1500,1500,8.2
2025-02-09,16:16:04.360,-19,0,100,0,0,1,250,-18,100,11,100,50,100,24,-0.04,0.00,-0.32,ANGL,16.6,0.3,202,97,51.445169 11.581200,5.0,45,50,9,0.0,45,1.4,0,0,0,0,-148,-13,-1024,-1024,-1024,928,23,0,0,0,0,0,0,0,0,1,0,-1,0x0500001800000000,1494,1511,1428,1505,1000,1275,1000,1500,1040,1500,1500,1000,1500,988,1500,1500,1500,1500,1500,1500,1500,1500,1500,1500,1500,1500,1500,1500,1500,1500,1500,1500,8.2
2025-02-09,16:16:04.610,-19,0,100,0,0,1,250,-18,100,11,100,50,100,24,-0.04,0.00,-0.32,ANGL,16.6,0.3,202,97,51.445200 11.581251,5.0,45,50,9,0.0,45,1.4,0,0,0,0,-148,-13,-1024,-1024,-1024,928,23,0,0,0,0,0,0,0,0,1,0,-1,0x0500001800000000,1494,1511,1428,1505,1000,1275,1000,1500,1040,1500,1500,1000,1500,988,1500,1500,1500,1500,1500,1500,1500,1500,1500,1500,1500,1500,1500,1500,1500,1500,1500,1500,8.2
2025-02-09,16:16:04.860,-19,0,100,0,0,1,250,-18,100,11,100,50,100,24,-0.04,0.00,-0.32,ANGL,16.6,0.3,202,97,51.445232 11.581302,5.0,45,50,9,0.0,45,1.4,0,0,0,0,-148,-13,-1024,-1024,-1024,928,23,0,0,0,0,0,0,0,0,1,0,-1,0x0500001800000000,1494,1511,1428,1505,1000,1275,1000,1500,1040,1500,1500,1000,1500,988,1500,1500,1500,1500,1500,1500,1500,1500,1500,1500,1500,1500,1500,1500,1500,1500,1500,1500,8.2
2025-02-09,16:16:05.110,-19,0,100,0,0,1,250,-18,100,11,100,50,100,24,-0.04,0.00,-0.32,ANGL,16.6,0.3,202,97,51.445264 11.581353,5.0,45,50,9,0.0,45,1.4,0,0,0,0,-148,-13,-1024,-1024,-1024,928,23,0,0,0,0,0,0,0,0,1,0,-1,0x0500001800000000,1494,1511,1428,1505,1000,1275,1000,1500,1040,1500,1500,1000,1500,988,1500,1500,1500,1500,1500,1500,1500,1500,1500,1500,1500,1500,1500,1500,1500,1500,1500,1500,8.2
2025-02-09,16:16:05.360,-19,0,100,0,0,1,250,-18,100,11,100,50,100,24,-0.04,0.00,-0.32,ANGL,16.6,0.3,202,97,51.445296 11.581404,5.0,45,50,9,0.0,45,1.4,0,0,0,0,-148,-13,-1024,-1024,-1024,928,23,0,0,0,0,0,0,0,0,1,0,-1,0x0500001800000000,1494,1511,1428,1505,1000,1275,1000,1500,1040,1500,1500,1000,1500,988,1500,1500,1500,1500,1500,1500,1500,1500,1500,1500,1500,1500,1500,1500,1500,1500,1500,1500,8.2
2025-02-09,16:16:05.610,-19,0,100,0,0,1,250,-18,100,11,100,50,100,24,-0.04,0.00,-0.32,ANGL,16.6,0.3,202,97,51.445328 11.581455,5.0,45,50,9,0.0,45,1.4,0,0,0,0,-148,-13,-1024,-1024,-1024,928,23,0,0,0,0,0,0,0,0,1,0,-1,0x0500001800000000,1494,1511,1428,1505,1000,1275,1000,1500,1040,1500,1500,1000,1500,988,1500,1500,1500,1500,1500,1500,1500,1500,1500,1500,1500,1500,1500,1500,1500,1500,1500,1500,8.2
2025-02-09,16:16:05.860,-19,0,100,0,0,1,250,-18,100,11,100,50,100,24,-0.04,0.00,-0.32,ANGL,16.6,0.3,202,97,51.445359 11.581506,5.0,45,50,9,0.0,45,1.4,0,0,0,0,-148,-13,-1024,-1024,-1024,928,23,0,0,0,0,0,0,0,0,1,0,-1,0x0500001800000000,1494,1511,1428,1505,1000,1275,1000,1500,1040,1500,1500,1000,1500,988,1500,1500,1500,1500,1500,1500,1500,1500,1500,1500,1500,1500,1500,1500,1500,1500,1500,1500,8.2
2025-02-09,16:16:06.110,-19,0,100,0,0,1,250,-18,100,11,100,50,100,24,-0.04,0.00,-0.32,ANGL,16.6,0.3,202,97,51.445391 11.581557,5.0,45,50,9,0.0,45,1.4,0,0,0,0,-148,-13,-1024,-1024,-1024,928,23,0,0,0,0,0,0,0,0,1,0,-1,0x0500001800000000,1494,1511,1428,1505,1000,1275,1000,1500,1040,1500,1500,1000,1500,988,1500,1500,1500,1500,1500,1500,1500,1500,1500,1500,1500,1500,1500,1500,1500,1500,1500,1500,8.2
2025-02-09,16:16:06.360,-19,0,100,0,0,1,250,-18,100,11,100,50,100,24,-0.04,0.00,-0.32,ANGL,16.6,0.3,202,97,51.445423 11.581608,5.0,45,50,9,0.0,45,1.4,0,0,0,0,-148,-13,-1024,-1024,-1024,928,23,0,0,0,0,0,0,0,0,1,0,-1,0x0500001800000000,1494,1511,1428,1505,1000,1275,1000,1500,1040,1500,1500,1000,1500,988,1500,1500,1500,1500,1500,1500,1500,1500,1500,1500,1500,1500,1500,1500,1500,1500,1500,1500,8.2
2025-02-09,16:16:06.610,-19,0,100,0,0,1,250,-18,100,11,100,50,100,24,-0.04,0.00,-0.32,ANGL,16.6,0.3,202,97,51.445455 11.581659,5.0,45,50,9,0.0,45,1.4,0,0,0,0,-148,-13,-1024,-1024,-1024,928,23,0,0,0,0,0,0,0,0,1,0,-1,0x0500001800000000,1494,1511,1428,1505,1000,1275,1000,1500,1040,1500,1500,1000,1500,988,1500,1500,1500,1500,1500,1500,1500,1500,1500,1500,1500,1500,1500,1500,1500,1500,1500,1500,8.2
2025-02-09,16:16:06.860,-19,0,100,0,0,1,250,-18,100,11,100,50,100,24,-0.04,0.00,-0.32,ANGL,16.6,0.3,202,97,51.445487 11.581710,5.0,45,50,9,0.0,45,1.4,0,0,0,0,-148,-13,-1024,-1024,-1024,928,23,0,0,0,0,0,0,0,0,1,0,-1,0x0500001800000000,1494,1511,1428,1505,1000,1275,1000,1500,1040,1500,1500,1000,1500,988,1500,1500,1500,1500,1500,1500,1500,1500,1500,1500,1500,1500,1500,1500,1500,1500,1500,1500,8.2
2025-02-09,16:16:07.110,-19,0,100,0,0,1,250,-18,100,11,100,50,100,24,-0.04,0.00,-0.32,ANGL,16.6,0.3,202,97,51.445518 11.581761,5.0,45,50,9,0.0,45,1.4,0,0,0,0,-148,-13,-1024,-1024,-1024,928,23,0,0,0,0,0,0,0,0,1,0,-1,0x0500001800000000,1494,1511,1428,1505,1000,1275,1000,1500,1040,1500,1500,1000,1500,988,1500,1500,1500,1500,1500,1500,1500,1500,1500,1500,1500,1500,1500,1500,1500,1500,1500,1500,8.2
2025-02-09,16:16:07.360,-19,0,100,0,0,1,250,-18,100,11,100,50,100,24,-0.04,0.00,-0.32,ANGL,16.6,0.3,202,97,51.445550 11.581812,5.0,45,50,9,0.0,45,1.4,0,0,0,0,-148,-13,-1024,-1024,-1024,928,23,0,0,0,0,0,0,0,0,1,0,-1,0x0500001800000000,1494,1511,1428,1505,1000,1275,1000,1500,1040,1500,1500,1000,1500,988,1500,1500,1500,1500,1500,1500,1500,1500,1500,1500,1500,1500,1500,1500,1500,1500,1500,1500,8.2
2025-02-09,16:16:07.610,-19,0,100,0,0,1,250,-18,100,11,100,50,100,24,-0.04,0.00,-0.32,ANGL,16.6,0.3,202,97,51.445582 11.581863,5.0,45,50,9,0.0,45,1.4,0,0,0,0,-148,-13,-1024,-1024,-1024,928,23,0,0,0,0,0,0,0,0,1,0,-1,0x0500001800000000,1494,1511,1428,1505,1000,1275,1000,1500,1040,1500,1500,1000,1500,988,1500,1500,1500,1500,1500,1500,1500,1500,1500,1500,1500,1500,1500,1500,1500,1500,1500,1500,8.2
2025-02-09,16:16:07.860,-19,0,100,0,0,1,250,-18,100,11,100,50,100,24,-0.04,0.00,-0.32,ANGL,16.6,0.3,202,97,51.445614 11.581914,5.0,45,50,9,0.0,45,1.4,0,0,0,0,-148,-13,-1024,-1024,-1024,928,23,0,0,0,0,0,0,0,0,1,0,-1,0x0500001800000000,1494,1511,1428,1505,1000,1275,1000,1500,1040,1500,1500,1000,1500,988,1500,1500,1500,1500,1500,1500,1500,1500,1500,1500,1500,1500,1500,1500,1500,1500,1500,1500,8.2
2025-02-09,16:16:08.110,-19,0,100,0,0,1,250,-18,100,11,100,50,100,24,-0.04,0.00,-0.32,ANGL,16.6,0.3,202,97,51.445646 11.581965,5.0,45,50,9,0.0,45,1.4,0,0,0,0,-148,-13,-1024,-1024,-1024,928,23,0,0,0,0,0,0,0,0,1,0,-1,0x0500001800000000,1494,1511,1428,1505,1000,1275,1000,1500,1040,1500,1500,1000,1500,988,1500,1500,1500,1500,1500,1500,1500,1500,1500,1500,1500,1500,1500,1500,1500,1500,1500,1500,8.2
2025-02-09,16:16:08.360,-19,0,100,0,0,1,250,-18,100,11,100,50,100,24,-0.04,0.00,-0.32,ANGL,16.6,0.3,202,97,51.445677 11.582016,5.0,45,50,9,0.0,45,1.4,0,0,0,0,-148,-13,-1024,-1024,-1024,928,23,0,0,0,0,0,0,0,0,1,0,-1,0x0500001800000000,1494,1511,1428,1505,1000,1275,1000,1500,1040,1500,1500,1000,1500,988,1500,1500,1500,1500,1500,1500,1500,1500,1500,1500,1500,1500,1500,1500,1500,1500,1500,1500,8.2
2025-02-09,16:16:08.610,-19,0,100,0,0,1,250,-18,100,11,100,50,100,24,-0.04,0.00,-0.32,ANGL,16.6,0.3,202,97,51.445709 11.582067,5.0,45,50,9,0.0,45,1.4,0,0,0,0,-148,-13,-1024,-1024,-1024,928,23,0,0,0,0,0,0,0,0,1,0,-1,0x0500001800000000,1494,1511,1428,1505,1000,1275,1000,1500,1040,1500,1500,1000,1500,988,1500,1500,1500,1500,1500,1500,1500,1500,1500,1500,1500,1500,1500,1500,1500,1500,1500,1500,8.2
2025-02-09,16:16:08.860,-19,0,100,0,0,1,250,-18,100,11,100,50,100,24,-0.04,0.00,-0.32,ANGL,16.6,0.3,202,97,51.445741 11.582118,5.0,45,50,9,0.0,45,1.4,0,0,0,0,-148,-13,-1024,-1024,-1024,928,23,0,0,0,0,0,0,0,0,1,0,-1,0x0500001800000000,1494,1511,1428,1505,1000,1275,1000,1500,1040,1500,1500,1000,1500,988,1500,1500,1500,1500,1500,1500,1500,1500,1500,1500,1500,1500,1500,1500,1500,1500,1500,1500,8.2
2025-02-09,16:16:09.110,-19,0,100,0,0,1,250,-18,100,11,100,50,100,24,-0.04,0.00,-0.32,ANGL,16.6,0.3,202,97,51.445773 11.582169,5.0,45,50,9,0.0,45,1.4,0,0,0,0,-148,-13,-1024,-1024,-1024,928,23,0,0,0,0,0,0,0,0,1,0,-1,0x0500001800000000,1494,1511,1428,1505,1000,1275,1000,1500,1040,1500,1500,1000,1500,988,1500,1500,1500,1500,1500,1500,1500,1500,1500,1500,1500,1500,1500,1500,1500,1500,1500,1500,8.2
2025-02-09,16:16:09.360,-19,0,100,0,0,1,250,-18,100,11,100,50,100,24,-0.04,0.00,-0.32,ANGL,16.6,0.3,202,97,51.445805 11.582220,5.0,45,50,9,0.0,45,1.4,0,0,0,0,-148,-13,-1024,-1024,-1024,928,23,0,0,0,0,0,0,0,0,1,0,-1,0x0500001800000000,1494,1511,1428,1505,1000,1275,1000,1500,1040,1500,1500,1000,1500,988,1500,1500,1500,1500,1500,1500,1500,1500,1500,1500,1500,1500,1500,1500,1500,1500,1500,1500,8.2
2025-02-09,16:16:09.610,-19,0,100,0,0,1,250,-18,100,11,100,50,100,24,-0.04,0.00,-0.32,ANGL,16.6,0.3,202,97,51.445836 11.582271,5.0,45,50,9,0.0,45,1.4,0,0,0,0,-148,-13,-1024,-1024,-1024,928,23,0,0,0,0,0,0,0,0,1,0,-1,0x0500001800000000,1494,1511,1428,1505,1000,1275,1000,1500,1040,1500,1500,1000,1500,988,1500,1500,1500,1500,1500,1500,1500,1500,1500,1500,1500,1500,1500,1500,1500,1500,1500,1500,8.2
2025-02-09,16:16:09.860,-19,0,100,0,0,1,250,-18,100,11,100,50,100,24,-0.04,0.00,-0.32,ANGL,16.6,0.3,202,97,51.445868 11.582322,5.0,45,50,9,0.0,45,1.4,0,0,0,0,-148,-13,-1024,-1024,-1024,928,23,0,0,0,0,0,0,0,0,1,0,-1,0x0500001800000000,1494,1511,1428,1505,1000,1275,1000,1500,1040,1500,1500,1000,1500,988,1500,1500,1500,1500,1500,1500,1500,1500,1500,1500,1500,1500,1500,1500,1500,1500,1500,1500,8.2
2025-02-09,16:16:10.110,-19,0,100,0,0,1,250,-18,100,11,100,50,100,24,-0.04,0.00,-0.32,ANGL,16.6,0.3,202,97,51.445900 11.582373,5.0,45,50,9,0.0,45,1.4,0,0,0,0,-148,-13,-1024,-1024,-1024,928,23,0,0,0,0,0,0,0,0,1,0,-1,0x0500001800000000,1494,1511,1428,1505,1000,1275,1000,1500,1040,1500,1500,1000,1500,988,1500,1500,1500,1500,1500,1500,1500,1500,1500,1500,1500,1500,1500,1500,1500,1500,1500,1500,8.2
2025-02-09,16:16:10.360,-19,0,100,0,0,1,250,-18,100,11,100,50,100,24,-0.04,0.00,-0.32,ANGL,16.6,0.3,202,97,51.445932 11.582424,5.0,45,50,9,0.0,45,1.4,0,0,0,0,-148,-13,-1024,-1024,-1024,928,23,0,0,0,0,0,0,0,0,1,0,-1,0x0500001800000000,1494,1511,1428,1505,1000,1275,1000,1500,1040,1500,1500,1000,1500,988,1500,1500,1500,1500,1500,1500,1500,1500,1500,1500,1500,1500,1500,1500,1500,1500,1500,1500,8.2
2025-02-09,16:16:10.610,-19,0,100,0,0,1,250,-18,100,11,100,50,100,24,-0.04,0.00,-0.32,ANGL,16.6,0.3,202,97,51.445963 11.582475,5.0,45,50,9,0.0,45,1.4,0,0,0,0,-148,-13,-1024,-1024,-1024,928,23,0,0,0,0,0,0,0,0,1,0,-1,0x0500001800000000,1494,1511,1428,1505,1000,1275,1000,1500,1040,1500,1500,1000,1500,988,1500,1500,1500,1500,1500,1500,1500,1500,1500,1500,1500,1500,1500,1500,1500,1500,1500,1500,8.2
2025-02-09,16:16:10.860,-19,0,100,0,0,1,250,-18,100,11,100,50,100,24,-0.04,0.00,-0.32,ANGL,16.6,0.3,202,97,51.445995 11.582526,5.0,45,50,9,0.0,45,1.4,0,0,0,0,-148,-13,-1024,-1024,-1024,928,23,0,0,0,0,0,0,0,0,1,0,-1,0x0500001800000000,1494,1511,1428,1505,1000,1275,1000,1500,1040,1500,1500,1000,1500,988,1500,1500,1500,1500,1500,1500,1500,1500,1500,1500,1500,1500,1500,1500,1500,1500,1500,1500,8.2
2025-02-09,16:16:11.110,-19,0,100,0,0,1,250,-18,100,11,100,50,100,24,-0.04,0.00,-0.32,ANGL,16.6,0.3,202,97,51.446027 11.582577,5.0,45,50,9,0.0,45,1.4,0,0,0,0,-148,-13,-1024,-1024,-1024,928,23,0,0,0,0,0,0,0,0,1,0,-1,0x0500001800000000,1494,1511,1428,1505,1000,1275,1000,1500,1040,1500,1500,1000,1500,988,1500,1500,1500,1500,1500,1500,1500,1500,1500,1500,1500,1500,1500,1500,1500,1500,1500,1500,8.2
2025-02-09,16:16:11.360,-19,0,100,0,0,1,250,-18,100,11,100,50,100,24,-0.04,0.00,-0.32,ANGL,16.6,0.3,202,97,51.446059 11.582628,5.0,45,50,9,0.0,45,1.4,0,0,0,0,-148,-13,-1024,-1024,-1024,928,23,0,0,0,0,0,0,0,0,1,0,-1,0x0500001800000000,1494,1511,1428,1505,1000,1275,1000,1500,1040,1500,1500,1000,1500,988,1500,1500,1500,1500,1500,1500,1500,1500,1500,1500,1500,1500,1500,1500,1500,1500,1500,1500,8.2
2025-02-09,16:16:11.610,-19,0,100,0,0,1,250,-18,100,11,100,50,100,24,-0.04,0.00,-0.32,ANGL,16.6,0.3,202,97,51.446091 11.582679,5.0,45,50,9,0.0,45,1.4,0,0,0,0,-148,-13,-1024,-1024,-1024,928,23,0,0,0,0,0,0,0,0,1,0,-1,0x0500001800000000,1494,1511,1428,1505,1000,1275,1000,1500,1040,1500,1500,1000,1500,988,1500,1500,1500,1500,1500,1500,1500,1500,1500,1500,1500,1500,1500,1500,1500,1500,1500,1500,8.2
2025-02-09,16:16:11.860,-19,0,100,0,0,1,250,-18,100,11,100,50,100,24,-0.04,0.00,-0.32,ANGL,16.6,0.3,202,97,51.446122 11.582730,5.0,45,50,9,0.0,45,1.4,0,0,0,0,-148,-13,-1024,-1024,-1024,928,23,0,0,0,0,0,0,0,0,1,0,-1,0x0500001800000000,1494,1511,1428,1505,1000,1275,1000,1500,1040,1500,1500,1000,1500,988,1500,1500,1500,1500,1500,1500,1500,1500,1500,1500,1500,1500,1500,1500,1500,1500,1500,1500,8.2
2025-02-09,16:16:12.110,-19,0,100,0,0,1,250,-18,100,11,100,50,100,24,-0.04,0.00,-0.32,ANGL,16.6,0.3,202,97,51.446154 11.582781,5.0,45,50,9,0.0,45,1.4,0,0,0,0,-148,-13,-1024,-1024,-1024,928,23,0,0,0,0,0,0,0,0,1,0,-1,0x0500001800000000,1494,1511,1428,1505,1000,1275,1000,1500,1040,1500,1500,1000,1500,988,1500,1500,1500,1500,1500,1500,1500,1500,1500,1500,1500,1500,1500,1500,1500,1500,1500,1500,8.2
2025-02-09,16:16:12.360,-19,0,100,0,0,1,250,-18,100,11,100,50,100,24,-0.04,0.00,-0.32,ANGL,16.6,0.3,202,97,51.446186 11.582832,5.0,45,50,9,0.0,45,1.4,0,0,0,0,-148,-13,-1024,-1024,-1024,928,23,0,0,0,0,0,0,0,0,1,0,-1,0x0500001800000000,1494,1511,1428,1505,1000,1275,1000,1500,1040,1500,1500,1000,1500,988,1500,1500,1500,1500,1500,1500,1500,1500,1500,1500,1500,1500,1500,1500,1500,1500,1500,1500,8.2
2025-02-09,16:16:12.610,-19,0,100,0,0,1,250,-18,100,11,100,50,100,24,-0.04,0.00,-0.32,ANGL,16.6,0.3,202,97,51.446218 11.582883,5.0,45,50,9,0.0,45,1.4,0,0,0,0,-148,-13,-1024,-1024,-1024,928,23,0,0,0,0,0,0,0,0,1,0,-1,0x0500001800000000,1494,1511,1428,1505,1000,1275,1000,1500,1040,1500,1500,1000,1500,988,1500,1500,1500,1500,1500,1500,1500,1500,1500,1500,1500,1500,1500,1500,1500,1500,1500,1500,8.2
2025-02-09,16:16:12.860,-19,0,100,0,0,1,250,-18,100,11,100,50,100,24,-0.04,0.00,-0.32,ANGL,16.6,0.3,202,97,51.446250 11.582935,5.0,45,50,9,0.0,45,1.4,0,0,0,0,-148,-13,-1024,-1024,-1024,928,23,0,0,0,0,0,0,0,0,1,0,-1,0x0500001800000000,1494,1511,1428,1505,1000,1275,1000,1500,1040,1500,1500,1000,1500,988,1500,1500,1500,1500,1500,1500,1500,1500,1500,1500,1500,1500,1500,1500,1500,1500,1500,1500,8.2
2025-02-09,16:16:13.110,-19,0,100,0,0,1,250,-18,100,11,100,50,100,24,-0.04,0.00,-0.32,ANGL,16.6,0.3,202,97,51.446281 11.582986,5.0,45,50,9,0.0,45,1.4,0,0,0,0,-148,-13,-1024,-1024,-1024,928,23,0,0,0,0,0,0,0,0,1,0,-1,0x0500001800000000,1494,1511,1428,1505,1000,1275,1000,1500,1040,1500,1500,1000,1500,988,1500,1500,1500,1500,1500,1500,1500,1500,1500,1500,1500,1500,1500,1500,1500,1500,1500,1500,8.2
2025-02-09,16:16:13.360,-19,0,100,0,0,1,250,-18,100,11,100,50,100,24,-0.04,0.00,-0.32,ANGL,16.6,0.3,202,97,51.446313 11.583037,5.0,45,50,9,0.0,45,1.4,0,0,0,0,-148,-13,-1024,-1024,-1024,928,23,0,0,0,0,0,0,0,0,1,0,-1,0x0500001800000000,1494,1511,1428,1505,1000,1275,1000,1500,1040,1500,1500,1000,1500,988,1500,1500,1500,1500,1500,1500,1500,1500,1500,1500,1500,1500,1500,1500,1500,1500,1500,1500,8.2
2025-02-09,16:16:13.610,-19,0,100,0,0,1,250,-18,100,11,100,50,100,24,-0.04,0.00,-0.32,ANGL,16.6,0.3,202,97,51.446345 11.583088,5.0,45,50,9,0.0,45,1.4,0,0,0,0,-148,-13,-1024,-1024,-1024,928,23,0,0,0,0,0,0,0,0,1,0,-1,0x0500001800000000,1494,1511,1428,1505,1000,1275,1000,1500,1040,1500,1500,1000,1500,988,1500,1500,1500,1500,1500,1500,1500,1500,1500,1500,1500,1500,1500,1500,1500,1500,1500,1500,8.2
2025-02-09,16:16:13.860,-19,0,100,0,0,1,250,-18,100,11,100,50,100,24,-0.04,0.00,-0.32,ANGL,16.6,0.3,202,97,51.446377 11.583139,5.0,45,50,9,0.0,45,1.4,0,0,0,0,-148,-13,-1024,-1024,-1024,928,23,0,0,0,0,0,0,0,0,1,0,-1,0x0500001800000000,1494,1511,1428,1505,1000,1275,1000,1500,1040,1500,1500,1000,1500,988,1500,1500,1500,1500,1500,1500,1500,1500,1500,1500,1500,1500,1500,1500,1500,1500,1500,1500,8.2
2025-02-09,16:16:14.110,-19,0,100,0,0,1,250,-18,100,11,100,50,100,24,-0.04,0.00,-0.32,ANGL,16.6,0.3,202,97,51.446409 11.583190,5.0,45,50,9,0.0,45,1.4,0,0,0,0,-148,-13,-1024,-1024,-1024,928,23,0,0,0,0,0,0,0,0,1,0,-1,0x0500001800000000,1494,1511,1428,1505,1000,1275,1000,1500,1040,1500,1500,1000,1500,988,1500,1500,1500,1500,1500,1500,1500,1500,1500,1500,1500,1500,1500,1500,1500,1500,1500,1500,8.2
2025-02-09,16:16:14.360,-19,0,100,0,0,1,250,-18,100,11,100,50,100,24,-0.04,0.00,-0.32,ANGL,16.6,0.3,202,97,51.446440 11.583241,5.0,45,50,9,0.0,45,1.4,0,0,0,0,-148,-13,-1024,-1024,-1024,928,23,0,0,0,0,0,0,0,0,1,0,-1,0x0500001800000000,1494,1511,1428,1505,1000,1275,1000,1500,1040,1500,1500,1000,1500,988,1500,1500,1500,1500,1500,1500,1500,1500,1500,1500,1500,1500,1500,1500,1500,1500,1500,1500,8.2
2025-02-09,16:16:14.610,-19,0,100,0,0,1,250,-18,100,11,100,50,100,24,-0.04,0.00,-0.32,ANGL,16.6,0.3,202,97,51.446472 11.583292,5.0,45,50,9,0.0,45,1.4,0,0,0,0,-148,-13,-1024,-1024,-1024,928,23,0,0,0,0,0,0,0,0,1,0,-1,0x0500001800000000,1494,1511,1428,1505,1000,1275,1000,1500,1040,1500,1500,1000,1500,988,1500,1500,1500,1500,1500,1500,1500,1500,1500,1500,1500,1500,1500,1500,1500,1500,1500,1500,8.2
2025-02-09,16:16:14.860,-19,0,100,0,0,1,250,-18,100,11,100,50,100,24,-0.04,0.00,-0.32,ANGL,16.6,0.3,202,97,51.446504 11.583343,5.0,45,50,9,0.0,45,1.4,0,0,0,0,-148,-13,-1024,-1024,-1024,928,23,0,0,0,0,0,0,0,0,1,0,-1,0x0500001800000000,1494,1511,1428,1505,1000,1275,1000,1500,1040,1500,1500,1000,1500,988,1500,1500,1500,1500,1500,1500,1500,1500,1500,1500,1500,1500,1500,1500,1500,1500,1500,1500,8.2
2025-02-09,16:16:15.110,-19,0,100,0,0,1,250,-18,100,11,100,50,100,24,-0.04,0.00,-0.32,ANGL,16.6,0.3,202,97,51.446536 11.583394,5.0,45,50,9,0.0,45,1.4,0,0,0,0,-148,-13,-1024,-1024,-1024,928,23,0,0,0,0,0,0,0,0,1,0,-1,0x0500001800000000,1494,1511,1428,1505,1000,1275,1000,1500,1040,1500,1500,1000,1500,988,1500,1500,1500,1500,1500,1500,1500,1500,1500,1500,1500,1500,1500,1500,1500,1500,1500,1500,8.2
2025-02-09,16:16:15.360,-19,0,100,0,0,1,250,-18,100,11,100,50,100,24,-0.04,0.00,-0.32,ANGL,16.6,0.3,202,97,51.446568 11.583445,5.0,45,50,9,0.0,45,1.4,0,0,0,0,-148,-13,-1024,-1024,-1024,928,23,0,0,0,0,0,0,0,0,1,0,-1,0x0500001800000000,1494,1511,1428,1505,1000,1275,1000,1500,1040,1500,1500,1000,1500,988,1500,1500,1500,1500,1500,1500,1500,1500,1500,1500,1500,1500,1500,1500,1500,1500,1500,1500,8.2
2025-02-09,16:16:15.610,-19,0,100,0,0,1,250,-18,100,11,100,50,100,24,-0.04,0.00,-0.32,ANGL,16.6,0.3,202,97,51.446599 11.583496,5.0,45,50,9,0.0,45,1.4,0,0,0,0,-148,-13,-1024,-1024,-1024,928,23,0,0,0,0,0,0,0,0,1,0,-1,0x0500001800000000,1494,1511,1428,1505,1000,1275,1000,1500,1040,1500,1500,1000,1500,988,1500,1500,1500,1500,1500,1500,1500,1500,1500,1500,1500,1500,1500,1500,1500,1500,1500,1500,8.2
2025-02-09,16:16:15.860,-19,0,100,0,0,1,250,-18,100,11,100,50,100,24,-0.04,0.00,-0.32,ANGL,16.6,0.3,202,97,51.446631 11.583547,5.0,45,50,9,0.0,45,1.4,0,0,0,0,-148,-13,-1024,-1024,-1024,928,23,0,0,0,0,0,0,0,0,1,0,-1,0x0500001800000000,1494,1511,1428,1505,1000,1275,1000,1500,1040,1500,1500,1000,1500,988,1500,1500,1500,1500,1500,1500,1500,1500,1500,1500,1500,1500,1500,1500,1500,1500,1500,1500,8.2
2025-02-09,16:16:16.110,-19,0,100,0,0,1,250,-18,100,11,100,50,100,24,-0.04,0.00,-0.32,ANGL,16.6,0.3,202,97,51.446663 11.583598,5.0,45,50,9,0.0,45,1.4,0,0,0,0,-148,-13,-1024,-1024,-1024,928,23,0,0,0,0,0,0,0,0,1,0,-1,0x0500001800000000,1494,1511,1428,1505,1000,1275,1000,1500,1040,1500,1500,1000,1500,988,1500,1500,1500,1500,1500,1500,1500,1500,1500,1500,1500,1500,1500,1500,1500,1500,1500,1500,8.2
2025-02-09,16:16:16.360,-19,0,100,0,0,1,250,-18,100,11,100,50,100,24,-0.04,0.00,-0.32,ANGL,16.6,0.3,202,97,51.446695 11.583649,5.0,45,50,9,0.0,45,1.4,0,0,0,0,-148,-13,-1024,-1024,-1024,928,23,0,0,0,0,0,0,0,0,1,0,-1,0x0500001800000000,1494,1511,1428,1505,1000,1275,1000,1500,1040,1500,1500,1000,1500,988,1500,1500,1500,1500,1500,1500,1500,1500,1500,1500,1500,1500,1500,1500,1500,1500,1500,1500,8.2
2025-02-09,16:16:16.610,-19,0,100,0,0,1,250,-18,100,11,100,50,100,24,-0.04,0.00,-0.32,ANGL,16.6,0.3,202,97,51.446727 11.583700,5.0,45,50,9,0.0,45,1.4,0,0,0,0,-148,-13,-1024,-1024,-1024,928,23,0,0,0,0,0,0,0,0,1,0,-1,0x0500001800000000,1494,1511,1428,1505,1000,1275,1000,1500,1040,1500,1500,1000,1500,988,1500,1500,1500,1500,1500,1500,1500,1500,1500,1500,1500,1500,1500,1500,1500,1500,1500,1500,8.2
2025-02-09,16:16:16.860,-19,0,100,0,0,1,250,-18,100,11,100,50,100,24,-0.04,0.00,-0.32,ANGL,16.6,0.3,202,97,51.446758 11.583751,5.0,45,50,9,0.0,45,1.4,0,0,0,0,-148,-13,-1024,-1024,-1024,928,23,0,0,0,0,0,0,0,0,1,0,-1,0x0500001800000000,1494,1511,1428,1505,1000,1275,1000,1500,1040,1500,1500,1000,1500,988,1500,1500,1500,1500,1500,1500,1500,1500,1500,1500,1500,1500,1500,1500,1500,1500,1500,1500,8.2
2025-02-09,16:16:17.110,-19,0,100,0,0,1,250,-18,100,11,100,50,100,24,-0.04,0.00,-0.32,ANGL,16.6,0.3,202,97,51.446790 11.583802,5.0,45,50,9,0.0,45,1.4,0,0,0,0,-148,-13,-1024,-1024,-1024,928,23,0,0,0,0,0,0,0,0,1,0,-1,0x0500001800000000,1494,1511,1428,1505,1000,1275,1000,1500,1040,1500,1500,1000,1500,988,1500,1500,1500,1500,1500,1500,1500,1500,1500,1500,1500,1500,1500,1500,1500,1500,1500,1500,8.2
2025-02-09,16:16:17.360,-19,0,100,0,0,1,250,-18,100,11,100,50,100,24,-0.04,0.00,-0.32,ANGL,16.6,0.3,202,97,51.446822 11.583853,5.0,45,50,9,0.0,45,1.4,0,0,0,0,-148,-13,-1024,-1024,-1024,928,23,0,0,0,0,0,0,0,0,1,0,-1,0x0500001800000000,1494,1511,1428,1505,1000,1275,1000,1500,1040,1500,1500,1000,1500,988,1500,1500,1500,1500,1500,1500,1500,1500,1500,1500,1500,1500,1500,1500,1500,1500,1500,1500,8.2
2025-02-09,16:16:17.610,-19,0,100,0,0,1,250,-18,100,11,100,50,100,24,-0.04,0.00,-0.32,ANGL,16.6,0.3,202,97,51.446854 11.583904,5.0,45,50,9,0.0,45,1.4,0,0,0,0,-148,-13,-1024,-1024,-1024,928,23,0,0,0,0,0,0,0,0,1,0,-1,0x0500001800000000,1494,1511,1428,1505,1000,1275,1000,1500,1040,1500,1500,1000,1500,988,1500,1500,1500,1500,1500,1500,1500,1500,1500,1500,1500,1500,1500,1500,1500,1500,1500,1500,8.2
2025-02-09,16:16:17.860,-19,0,100,0,0,1,250,-18,100,11,100,50,100,24,-0.04,0.00,-0.32,ANGL,16.6,0.3,202,97,51.446886 11.583955,5.0,45,50,9,0.0,45,1.4,0,0,0,0,-148,-13,-1024,-1024,-1024,928,23,0,0,0,0,0,0,0,0,1,0,-1,0x0500001800000000,1494,1511,1428,1505,1000,1275,1000,1500,1040,1500,1500,1000,1500,988,1500,1500,1500,1500,1500,1500,1500,1500,1500,1500,1500,1500,1500,1500,1500,1500,1500,1500,8.2
2025-02-09,16:16:18.110,-19,0,100,0,0,1,250,-18,100,11,100,50,100,24,-0.04,0.00,-0.32,ANGL,16.6,0.3,202,97,51.446917 11.584006,5.0,45,50,9,0.0,45,1.4,0,0,0,0,-148,-13,-1024,-1024,-1024,928,23,0,0,0,0,0,0,0,0,1,0,-1,0x0500001800000000,1494,1511,1428,1505,1000,1275,1000,1500,1040,1500,1500,1000,1500,988,1500,1500,1500,1500,1500,1500,1500,1500,1500,1500,1500,1500,1500,1500,1500,1500,1500,1500,8.2
2025-02-09,16:16:18.360,-19,0,100,0,0,1,250,-18,100,11,100,50,100,24,-0.04,0.00,-0.32,ANGL,16.6,0.3,202,97,51.446949 11.584057,5.0,45,50,9,0.0,45,1.4,0,0,0,0,-148,-13,-1024,-1024,-1024,928,23,0,0,0,0,0,0,0,0,1,0,-1,0x0500001800000000,1494,1511,1428,1505,1000,1275,1000,1500,1040,1500,1500,1000,1500,988,1500,1500,1500,1500,1500,1500,1500,1500,1500,1500,1500,1500,1500,1500,1500,1500,1500,1500,8.2
2025-02-09,16:16:18.610,-19,0,100,0,0,1,250,-18,100,11,100,50,100,24,-0.04,0.00,-0.32,ANGL,16.6,0.3,202,97,51.446981 11.584108,5.0,45,50,9,0.0,45,1.4,0,0,0,0,-148,-13,-1024,-1024,-1024,928,23,0,0,0,0,0,0,0,0,1,0,-1,0x0500001800000000,1494,1511,1428,1505,1000,1275,1000,1500,1040,1500,1500,1000,1500,988,1500,1500,1500,1500,1500,1500,1500,1500,1500,1500,1500,1500,1500,1500,1500,1500,1500,1500,8.2
2025-02-09,16:16:18.860,-19,0,100,0,0,1,250,-18,100,11,100,50,100,24,-0.04,0.00,-0.32,ANGL,16.6,0.3,202,97,51.447013 11.584159,5.0,45,50,9,0.0,45,1.4,0,0,0,0,-148,-13,-1024,-1024,-1024,928,23,0,0,0,0,0,0,0,0,1,0,-1,0x0500001800000000,1494,1511,1428,1505,1000,1275,1000,1500,1040,1500,1500,1000,1500,988,1500,1500,1500,1500,1500,1500,1500,1500,1500,1500,1500,1500,1500,1500,1500,1500,1500,1500,8.2
2025-02-09,16:16:19.110,-19,0,100,0,0,1,250,-18,100,11,100,50,100,24,-0.04,0.00,-0.32,ANGL,16.6,0.3,202,97,51.447045 11.584210,5.0,45,50,9,0.0,45,1.4,0,0,0,0,-148,-13,-1024,-1024,-1024,928,23,0,0,0,0,0,0,0,0,1,0,-1,0x0500001800000000,1494,1511,1428,1505,1000,1275,1000,1500,1040,1500,1500,1000,1500,988,1500,1500,1500,1500,1500,1500,1500,1500,1500,1500,1500,1500,1500,1500,1500,1500,1500,1500,8.2
2025-02-09,16:16:19.360,-19,0,100,0,0,1,250,-18,100,11,100,50,100,24,-0.04,0.00,-0.32,ANGL,16.6,0.3,202,97,51.447076 11.584261,5.0,45,50,9,0.0,45,1.4,0,0,0,0,-148,-13,-1024,-1024,-1024,928,23,0,0,0,0,0,0,0,0,1,0,-1,0x0500001800000000,1494,1511,1428,1505,1000,1275,1000,1500,1040,1500,1500,1000,1500,988,1500,1500,1500,1500,1500,1500,1500,1500,1500,1500,1500,1500,1500,1500,1500,1500,1500,1500,8.2
2025-02-09,16:16:19.610,-19,0,100,0,0,1,250,-18,100,11,100,50,100,24,-0.04,0.00,-0.32,ANGL,16.6,0.3,202,97,51.447108 11.584312,5.0,45,50,9,0.0,45,1.4,0,0,0,0,-148,-13,-1024,-1024,-1024,928,23,0,0,0,0,0,0,0,0,1,0,-1,0x0500001800000000,1494,1511,1428,1505,1000,1275,1000,1500,1040,1500,1500,1000,1500,988,1500,1500,1500,1500,1500,1500,1500,1500,1500,1500,1500,1500,1500,1500,1500,1500,1500,1500,8.2
2025-02-09,16:16:19.860,-19,0,100,0,0,1,250,-18,100,11,100,50,100,24,-0.04,0.00,-0.32,ANGL,16.6,0.3,202,97,51.447140 11.584363,5.0,45,50,9,0.0,45,1.4,0,0,0,0,-148,-13,-1024,-1024,-1024,928,23,0,0,0,0,0,0,0,0,1,0,-1,0x0500001800000000,1494,1511,1428,1505,1000,1275,1000,1500,1040,1500,1500,1000,1500,988,1500,1500,1500,1500,1500,1500,1500,1500,1500,1500,1500,1500,1500,1500,1500,1500,1500,1500,8.2
2025-02-09,16:16:20.110,-19,0,100,0,0,1,250,-18,100,11,100,50,100,24,-0.04,0.00,-0.32,ANGL,16.6,0.3,202,97,51.447172 11.584414,5.0,45,50,9,0.0,45,1.4,0,0,0,0,-148,-13,-1024,-1024,-1024,928,23,0,0,0,0,0,0,0,0,1,0,-1,0x0500001800000000,1494,1511,1428,1505,1000,1275,1000,1500,1040,1500,1500,1000,1500,988,1500,1500,1500,1500,1500,1500,1500,1500,1500,1500,1500,1500,1500,1500,1500,1500,1500,1500,8.2
2025-02-09,16:16:20.360,-19,0,100,0,0,1,250,-18,100,11,100,50,100,24,-0.04,0.00,-0.32,ANGL,16.6,0.3,202,97,51.447204 11.584465,5.0,45,50,9,0.0,45,1.4,0,0,0,0,-148,-13,-1024,-1024,-1024,928,23,0,0,0,0,0,0,0,0,1,0,-1,0x0500001800000000,1494,1511,1428,1505,1000,1275,1000,1500,1040,1500,1500,1000,1500,988,1500,1500,1500,1500,1500,1500,1500,1500,1500,1500,1500,1500,1500,1500,1500,1500,1500,1500,8.2
2025-02-09,16:16:20.610,-19,0,100,0,0,1,250,-18,100,11,100,50,100,24,-0.04,0.00,-0.32,ANGL,16.6,0.3,202,97,51.447235 11.584516,5.0,45,50,9,0.0,45,1.4,0,0,0,0,-148,-13,-1024,-1024,-1024,928,23,0,0,0,0,0,0,0,0,1,0,-1,0x0500001800000000,1494,1511,1428,1505,1000,1275,1000,1500,1040,1500,1500,1000,1500,988,1500,1500,1500,1500,1500,1500,1500,1500,1500,1500,1500,1500,1500,1500,1500,1500,1500,1500,8.2
2025-02-09,16:16:20.860,-19,0,100,0,0,1,250,-18,100,11,100,50,100,24,-0.04,0.00,-0.32,ANGL,16.6,0.3,202,97,51.447267 11.584567,5.0,45,50,9,0.0,45,1.4,0,0,0,0,-148,-13,-1024,-1024,-1024,928,23,0,0,0,0,0,0,0,0,1,0,-1,0x0500001800000000,1494,1511,1428,1505,1000,1275,1000,1500,1040,1500,1500,1000,1500,988,1500,1500,1500,1500,1500,1500,1500,1500,1500,1500,1500,1500,1500,1500,1500,1500,1500,1500,8.2
2025-02-09,16:16:21.110,-19,0,100,0,0,1,250,-18,100,11,100,50,100,24,-0.04,0.00,-0.32,ANGL,16.6,0.3,202,97,51.447299 11.584618,5.0,45,50,9,0.0,45,1.4,0,0,0,0,-148,-13,-1024,-1024,-1024,928,23,0,0,0,0,0,0,0,0,1,0,-1,0x0500001800000000,1494,1511,1428,1505,1000,1275,1000,1500,1040,1500,1500,1000,1500,988,1500,1500,1500,1500,1500,1500,1500,1500,1500,1500,1500,1500,1500,1500,1500,1500,1500,1500,8.2
2025-02-09,16:16:21.360,-19,0,100,0,0,1,250,-18,100,11,100,50,100,24,-0.04,0.00,-0.32,ANGL,16.6,0.3,202,97,51.447331 11.584669,5.0,45,50,9,0.0,45,1.4,0,0,0,0,-148,-13,-1024,-1024,-1024,928,23,0,0,0,0,0,0,0,0,1,0,-1,0x0500001800000000,1494,1511,1428,1505,1000,1275,1000,1500,1040,1500,1500,1000,1500,988,1500,1500,1500,1500,1500,1500,1500,1500,1500,1500,1500,1500,1500,1500,1500,1500,1500,1500,8.2
2025-02-09,16:16:21.610,-19,0,100,0,0,1,250,-18,100,11,100,50,100,24,-0.04,0.00,-0.32,ANGL,16.6,0.3,202,97,51.447363 11.584720,5.0,45,50,9,0.0,45,1.4,0,0,0,0,-148,-13,-1024,-1024,-1024,928,23,0,0,0,0,0,0,0,0,1,0,-1,0x0500001800000000,1494,1511,1428,1505,1000,1275,1000,1500,1040,1500,1500,1000,1500,988,1500,1500,1500,1500,1500,1500,1500,1500,1500,1500,1500,1500,1500,1500,1500,1500,1500,1500,8.2
2025-02-09,16:16:21.860,-19,0,100,0,0,1,250,-18,100,11,100,50,100,24,-0.04,0.00,-0.32,ANGL,16.6,0.3,202,97,51.447394 11.584771,5.0,45,50,9,0.0,45,1.4,0,0,0,0,-148,-13,-1024,-1024,-1024,928,23,0,0,0,0,0,0,0,0,1,0,-1,0x0500001800000000,1494,1511,1428,1505,1000,1275,1000,1500,1040,1500,1500,1000,1500,988,1500,1500,1500,1500,1500,1500,1500,1500,1500,1500,1500,1500,1500,1500,1500,1500,1500,1500,8.2
2025-02-09,16:16:22.110,-19,0,100,0,0,1,250,-18,100,11,100,50,100,24,-0.04,0.00,-0.32,ANGL,16.6,0.3,202,97,51.447426 11.584822,5.0,45,50,9,0.0,45,1.4,0,0,0,0,-148,-13,-1024,-1024,-1024,928,23,0,0,0,0,0,0,0,0,1,0,-1,0x0500001800000000,1494,1511,1428,1505,1000,1275,1000,1500,1040,1500,1500,1000,1500,988,1500,1500,1500,1500,1500,1500,1500,1500,1500,1500,1500,1500,1500,1500,1500,1500,1500,1500,8.2
2025-02-09,16:16:22.360,-19,0,100,0,0,1,250,-18,100,11,100,50,100,24,-0.04,0.00,-0.32,ANGL,16.6,0.3,202,97,51.447458 11.584873,5.0,45,50,9,0.0,45,1.4,0,0,0,0,-148,-13,-1024,-1024,-1024,928,23,0,0,0,0,0,0,0,0,1,0,-1,0x0500001800000000,1494,1511,1428,1505,1000,1275,1000,1500,1040,1500,1500,1000,1500,988,1500,1500,1500,1500,1500,1500,1500,1500,1500,1500,1500,1500,1500,1500,1500,1500,1500,1500,8.2
2025-02-09,16:16:22.610,-19,0,100,0,0,1,250,-18,100,11,100,50,100,24,-0.04,0.00,-0.32,ANGL,16.6,0.3,202,97,51.447490 11.584924,5.0,45,50,9,0.0,45,1.4,0,0,0,0,-148,-13,-1024,-1024,-1024,928,23,0,0,0,0,0,0,0,0,1,0,-1,0x0500001800000000,1494,1511,1428,1505,1000,1275,1000,1500,1040,1500,1500,1000,1500,988,1500,1500,1500,1500,1500,1500,1500,1500,1500,1500,1500,1500,1500,1500,1500,1500,1500,1500,8.2
2025-02-09,16:16:22.860,-19,0,100,0,0,1,250,-18,100,11,100,50,100,24,-0.04,0.00,-0.32,ANGL,16.6,0.3,202,97,51.447521 11.584975,5.0,45,50,9,0.0,45,1.4,0,0,0,0,-148,-13,-1024,-1024,-1024,928,23,0,0,0,0,0,0,0,0,1,0,-1,0x0500001800000000,1494,1511,1428,1505,1000,1275,1000,1500,1040,1500,1500,1000,1500,988,1500,1500,1500,1500,1500,1500,1500,1500,1500,1500,1500,1500,1500,1500,1500,1500,1500,1500,8.2
2025-02-09,16:16:23.110,-19,0,100,0,0,1,250,-18,100,11,100,50,100,24,-0.04,0.00,-0.32,ANGL,16.6,0.3,202,97,51.447553 11.585026,5.0,45,50,9,0.0,45,1.4,0,0,0,0,-148,-13,-1024,-1024,-1024,928,23,0,0,0,0,0,0,0,0,1,0,-1,0x0500001800000000,1494,1511,1428,1505,1000,1275,1000,1500,1040,1500,1500,1000,1500,988,1500,1500,1500,1500,1500,1500,1500,1500,1500,1500,1500,1500,1500,1500,1500,1500,1500,1500,8.2
2025-02-09,16:16:23.360,-19,0,100,0,0,1,250,-18,100,11,100,50,100,24,-0.04,0.00,-0.32,ANGL,16.6,0.3,202,97,51.447585 11.585077,5.0,45,50,9,0.0,45,1.4,0,0,0,0,-148,-13,-1024,-1024,-1024,928,23,0,0,0,0,0,0,0,0,1,0,-1,0x0500001800000000,1494,1511,1428,1505,1000,1275,1000,1500,1040,1500,1500,1000,1500,988,1500,1500,1500,1500,1500,1500,1500,1500,1500,1500,1500,1500,1500,1500,1500,1500,1500,1500,8.2
2025-02-09,16:16:23.610,-19,0,100,0,0,1,250,-18,100,11,100,50,100,24,-0.04,0.00,-0.32,ANGL,16.6,0.3,202,97,51.447617 11.585128,5.0,45,50,9,0.0,45,1.4,0,0,0,0,-148,-13,-1024,-1024,-1024,928,23,0,0,0,0,0,0,0,0,1,0,-1,0x0500001800000000,1494,1511,1428,1505,1000,1275,1000,1500,1040,1500,1500,1000,1500,988,1500,1500,1500,1500,1500,1500,1500,1500,1500,1500,1500,1500,1500,1500,1500,1500,1500,1500,8.2
2025-02-09,16:16:23.860,-19,0,100,0,0,1,250,-18,100,11,100,50,100,24,-0.04,0.00,-0.32,ANGL,16.6,0.3,202,97,51.447649 11.585179,5.0,45,50,9,0.0,45,1.4,0,0,0,0,-148,-13,-1024,-1024,-1024,928,23,0,0,0,0,0,0,0,0,1,0,-1,0x0500001800000000,1494,1511,1428,1505,1000,1275,1000,1500,1040,1500,1500,1000,1500,988,1500,1500,1500,1500,1500,1500,1500,1500,1500,1500,1500,1500,1500,1500,1500,1500,1500,1500,8.2
2025-02-09,16:16:24.110,-19,0,100,0,0,1,250,-18,100,11,100,50,100,24,-0.04,0.00,-0.32,ANGL,16.6,0.3,202,97,51.447680 11.585230,5.0,45,50,9,0.0,45,1.4,0,0,0,0,-148,-13,-1024,-1024,-1024,928,23,0,0,0,0,0,0,0,0,1,0,-1,0x0500001800000000,1494,1511,1428,1505,1000,1275,1000,1500,1040,1500,1500,1000,1500,988,1500,1500,1500,1500,1500,1500,1500,1500,1500,1500,1500,1500,1500,1500,1500,1500,1500,1500,8.2
2025-02-09,16:16:24.360,-19,0,100,0,0,1,250,-18,100,11,100,50,100,24,-0.04,0.00,-0.32,ANGL,16.6,0.3,202,97,51.447712 11.585281,5.0,45,50,9,0.0,45,1.4,0,0,0,0,-148,-13,-1024,-1024,-1024,928,23,0,0,0,0,0,0,0,0,1,0,-1,0x0500001800000000,1494,1511,1428,1505,1000,1275,1000,1500,1040,1500,1500,1000,1500,988,1500,1500,1500,1500,1500,1500,1500,1500,1500,1500,1500,1500,1500,1500,1500,1500,1500,1500,8.2
2025-02-09,16:16:24.610,-19,0,100,0,0,1,250,-18,100,11,100,50,100,24,-0.04,0.00,-0.32,ANGL,16.6,0.3,202,97,51.447744 11.585332,5.0,45,50,9,0.0,45,1.4,0,0,0,0,-148,-13,-1024,-1024,-1024,928,23,0,0,0,0,0,0,0,0,1,0,-1,0x0500001800000000,1494,1511,1428,1505,1000,1275,1000,1500,1040,1500,1500,1000,1500,988,1500,1500,1500,1500,1500,1500,1500,1500,1500,1500,1500,1500,1500,1500,1500,1500,1500,1500,8.2
2025-02-09,16:16:24.860,-19,0,100,0,0,1,250,-18,100,11,100,50,100,24,-0.04,0.00,-0.32,ANGL,16.6,0.3,202,97,51.447776 11.585383,5.0,45,50,9,0.0,45,1.4,0,0,0,0,-148,-13,-1024,-1024,-1024,928,23,0,0,0,0,0,0,0,0,1,0,-1,0x0500001800000000,1494,1511,1428,1505,1000,1275,1000,1500,1040,1500,1500,1000,1500,988,1500,1500,1500,1500,1500,1500,1500,1500,1500,1500,1500,1500,1500,1500,1500,1500,1500,1500,8.2
2025-02-09,16:16:25.110,-19,0,100,0,0,1,250,-18,100,11,100,50,100,24,-0.04,0.00,-0.32,ANGL,16.6,0.3,202,97,51.447808 11.585434,5.0,45,50,9,0.0,45,1.4,0,0,0,0,-148,-13,-1024,-1024,-1024,928,23,0,0,0,0,0,0,0,0,1,0,-1,0x0500001800000000,1494,1511,1428,1505,1000,1275,1000,1500,1040,1500,1500,1000,1500,988,1500,1500,1500,1500,1500,1500,1500,1500,1500,1500,1500,1500,1500,1500,1500,1500,1500,1500,8.2
2025-02-09,16:16:25.360,-19,0,100,0,0,1,250,-18,100,11,100,50,100,24,-0.04,0.00,-0.32,ANGL,16.6,0.3,202,97,51.447839 11.585485,5.0,45,50,9,0.0,45,1.4,0,0,0,0,-148,-13,-1024,-1024,-1024,928,23,0,0,0,0,0,0,0,0,1,0,-1,0x0500001800000000,1494,1511,1428,1505,1000,1275,1000,1500,1040,1500,1500,1000,1500,988,1500,1500,1500,1500,1500,1500,1500,1500,1500,1500,1500,1500,1500,1500,1500,1500,1500,1500,8.2
2025-02-09,16:16:25.610,-19,0,100,0,0,1,250,-18,100,11,100,50,100,24,-0.04,0.00,-0.32,ANGL,16.6,0.3,202,97,51.447871 11.585536,5.0,45,50,9,0.0,45,1.4,0,0,0,0,-148,-13,-1024,-1024,-1024,928,23,0,0,0,0,0,0,0,0,1,0,-1,0x0500001800000000,1494,1511,1428,1505,1000,1275,1000,1500,1040,1500,1500,1000,1500,988,1500,1500,1500,1500,1500,1500,1500,1500,1500,1500,1500,1500,1500,1500,1500,1500,1500,1500,8.2
2025-02-09,16:16:25.860,-19,0,100,0,0,1,250,-18,100,11,100,50,100,24,-0.04,0.00,-0.32,ANGL,16.6,0.3,202,97,51.447903 11.585587,5.0,45,50,9,0.0,45,1.4,0,0,0,0,-148,-13,-1024,-1024,-1024,928,23,0,0,0,0,0,0,0,0,1,0,-1,0x0500001800000000,1494,1511,1428,1505,1000,1275,1000,1500,1040,1500,1500,1000,1500,988,1500,1500,1500,1500,1500,1500,1500,1500,1500,1500,1500,1500,1500,1500,1500,1500,1500,1500,8.2
2025-02-09,16:16:26.110,-19,0,100,0,0,1,250,-18,100,11,100,50,100,24,-0.04,0.00,-0.32,ANGL,16.6,0.3,202,97,51.447935 11.585638,5.0,45,50,9,0.0,45,1.4,0,0,0,0,-148,-13,-1024,-1024,-1024,928,23,0,0,0,0,0,0,0,0,1,0,-1,0x0500001800000000,1494,1511,1428,1505,1000,1275,1000,1500,1040,1500,1500,1000,1500,988,1500,1500,1500,1500,1500,1500,1500,1500,1500,1500,1500,1500,1500,1500,1500,1500,1500,1500,8.2
2025-02-09,16:16:26.360,-19,0,100,0,0,1,250,-18,100,11,100,50,100,24,-0.04,0.00,-0.32,ANGL,16.6,0.3,202,97,51.447967 11.585689,5.0,45,50,9,0.0,45,1.4,0,0,0,0,-148,-13,-1024,-1024,-1024,928,23,0,0,0,0,0,0,0,0,1,0,-1,0x0500001800000000,1494,1511,1428,1505,1000,1275,1000,1500,1040,1500,1500,1000,1500,988,1500,1500,1500,1500,1500,1500,1500,1500,1500,1500,1500,1500,1500,1500,1500,1500,1500,1500,8.2
2025-02-09,16:16:26.610,-19,0,100,0,0,1,250,-18,100,11,100,50,100,24,-0.04,0.00,-0.32,ANGL,16.6,0.3,202,97,51.447998 11.585740,5.0,45,50,9,0.0,45,1.4,0,0,0,0,-148,-13,-1024,-1024,-1024,928,23,0,0,0,0,0,0,0,0,1,0,-1,0x0500001800000000,1494,1511,1428,1505,1000,1275,1000,1500,1040,1500,1500,1000,1500,988,1500,1500,1500,1500,1500,1500,1500,1500,1500,1500,1500,1500,1500,1500,1500,1500,1500,1500,8.2
2025-02-09,16:16:26.860,-19,0,100,0,0,1,250,-18,100,11,100,50,100,24,-0.04,0.00,-0.32,ANGL,16.6,0.3,202,97,51.448030 11.585791,5.0,45,50,9,0.0,45,1.4,0,0,0,0,-148,-13,-1024,-1024,-1024,928,23,0,0,0,0,0,0,0,0,1,0,-1,0x0500001800000000,1494,1511,1428,1505,1000,1275,1000,1500,1040,1500,1500,1000,1500,988,1500,1500,1500,1500,1500,1500,1500,1500,1500,1500,1500,1500,1500,1500,1500,1500,1500,1500,8.2
2025-02-09,16:16:27.110,-19,0,100,0,0,1,250,-18,100,11,100,50,100,24,-0.04,0.00,-0.32,ANGL,16.6,0.3,202,97,51.448062 11.585842,5.0,45,50,9,0.0,45,1.4,0,0,0,0,-148,-13,-1024,-1024,-1024,928,23,0,0,0,0,0,0,0,0,1,0,-1,0x0500001800000000,1494,1511,1428,1505,1000,1275,1000,1500,1040,1500,1500,1000,1500,988,1500,1500,1500,1500,1500,1500,1500,1500,1500,1500,1500,1500,1500,1500,1500,1500,1500,1500,8.2
2025-02-09,16:16:27.360,-19,0,100,0,0,1,250,-18,100,11,100,50,100,24,-0.04,0.00,-0.32,ANGL,16.6,0.3,202,97,51.448094 11.585893,5.0,45,50,9,0.0,45,1.4,0,0,0,0,-148,-13,-1024,-1024,-1024,928,23,0,0,0,0,0,0,0,0,1,0,-1,0x0500001800000000,1494,1511,1428,1505,1000,1275,1000,1500,1040,1500,1500,1000,1500,988,1500,1500,1500,1500,1500,1500,1500,1500,1500,1500,1500,1500,1500,1500,1500,1500,1500,1500,8.2
2025-02-09,16:16:27.610,-19,0,100,0,0,1,250,-18,100,11,100,50,100,24,-0.04,0.00,-0.32,ANGL,16.6,0.3,202,97,51.448126 11.585944,5.0,45,50,9,0.0,45,1.4,0,0,0,0,-148,-13,-1024,-1024,-1024,928,23,0,0,0,0,0,0,0,0,1,0,-1,0x0500001800000000,1494,1511,1428,1505,1000,1275,1000,1500,1040,1500,1500,1000,1500,988,1500,1500,1500,1500,1500,1500,1500,1500,1500,1500,1500,1500,1500,1500,1500,1500,1500,1500,8.2
2025-02-09,16:16:27.860,-19,0,100,0,0,1,250,-18,100,11,100,50,100,24,-0.04,0.00,-0.32,ANGL,16.6,0.3,202,97,51.448157 11.585995,5.0,45,50,9,0.0,45,1.4,0,0,0,0,-148,-13,-1024,-1024,-1024,928,23,0,0,0,0,0,0,0,0,1,0,-1,0x0500001800000000,1494,1511,1428,1505,1000,1275,1000,1500,1040,1500,1500,1000,1500,988,1500,1500,1500,1500,1500,1500,1500,1500,1500,1500,1500,1500,1500,1500,1500,1500,1500,1500,8.2
2025-02-09,16:16:28.110,-19,0,100,0,0,1,250,-18,100,11,100,50,100,24,-0.04,0.00,-0.32,ANGL,16.6,0.3,202,97,51.448189 11.586046,5.0,45,50,9,0.0,45,1.4,0,0,0,0,-148,-13,-1024,-1024,-1024,928,23,0,0,0,0,0,0,0,0,1,0,-1,0x0500001800000000,1494,1511,1428,1505,1000,1275,1000,1500,1040,1500,1500,1000,1500,988,1500,1500,1500,1500,1500,1500,1500,1500,1500,1500,1500,1500,1500,1500,1500,1500,1500,1500,8.2
2025-02-09,16:16:28.360,-19,0,100,0,0,1,250,-18,100,11,100,50,100,24,-0.04,0.00,-0.32,ANGL,16.6,0.3,202,97,51.448221 11.586097,5.0,45,50,9,0.0,45,1.4,0,0,0,0,-148,-13,-1024,-1024,-1024,928,23,0,0,0,0,0,0,0,0,1,0,-1,0x0500001800000000,1494,1511,1428,1505,1000,1275,1000,1500,1040,1500,1500,1000,1500,988,1500,1500,1500,1500,1500,1500,1500,1500,1500,1500,1500,1500,1500,1500,1500,1500,1500,1500,8.2
2025-02-09,16:16:28.610,-19,0,100,0,0,1,250,-18,100,11,100,50,100,24,-0.04,0.00,-0.32,ANGL,16.6,0.3,202,97,51.448253 11.586148,5.0,45,50,9,0.0,45,1.4,0,0,0,0,-148,-13,-1024,-1024,-1024,928,23,0,0,0,0,0,0,0,0,1,0,-1,0x0500001800000000,1494,1511,1428,1505,1000,1275,1000,1500,1040,1500,1500,1000,1500,988,1500,1500,1500,1500,1500,1500,1500,1500,1500,1500,1500,1500,1500,1500,1500,1500,1500,1500,8.2
2025-02-09,16:16:28.860,-19,0,100,0,0,1,250,-18,100,11,100,50,100,24,-0.04,0.00,-0.32,ANGL,16.6,0.3,202,97,51.448285 11.586199,5.0,45,50,9,0.0,45,1.4,0,0,0,0,-148,-13,-1024,-1024,-1024,928,23,0,0,0,0,0,0,0,0,1,0,-1,0x0500001800000000,1494,1511,1428,1505,1000,1275,1000,1500,1040,1500,1500,1000,1500,988,1500,1500,1500,1500,1500,1500,1500,1500,1500,1500,1500,1500,1500,1500,1500,1500,1500,1500,8.2
2025-02-09,16:16:29.110,-19,0,100,0,0,1,250,-18,100,11,100,50,100,24,-0.04,0.00,-0.32,ANGL,16.6,0.3,202,97,51.448316 11.586250,5.0,45,50,9,0.0,45,1.4,0,0,0,0,-148,-13,-1024,-1024,-1024,928,23,0,0,0,0,0,0,0,0,1,0,-1,0x0500001800000000,1494,1511,1428,1505,1000,1275,1000,1500,1040,1500,1500,1000,1500,988,1500,1500,1500,1500,1500,1500,1500,1500,1500,1500,1500,1500,1500,1500,1500,1500,1500,1500,8.2
2025-02-09,16:16:29.360,-19,0,100,0,0,1,250,-18,100,11,100,50,100,24,-0.04,0.00,-0.32,ANGL,16.6,0.3,202,97,51.448348 11.586301,5.0,45,50,9,0.0,45,1.4,0,0,0,0,-148,-13,-1024,-1024,-1024,928,23,0,0,0,0,0,0,0,0,1,0,-1,0x0500001800000000,1494,1511,1428,1505,1000,1275,1000,1500,1040,1500,1500,1000,1500,988,1500,1500,1500,1500,1500,1500,1500,1500,1500,1500,1500,1500,1500,1500,1500,1500,1500,1500,8.2
2025-02-09,16:16:29.610,-19,0,100,0,0,1,250,-18,100,11,100,50,100,24,-0.04,0.00,-0.32,ANGL,16.6,0.3,202,97,51.448380 11.586352,5.0,45,50,9,0.0,45,1.4,0,0,0,0,-148,-13,-1024,-1024,-1024,928,23,0,0,0,0,0,0,0,0,1,0,-1,0x0500001800000000,1494,1511,1428,1505,1000,1275,1000,1500,1040,1500,1500,1000,1500,988,1500,1500,1500,1500,1500,1500,1500,1500,1500,1500,1500,1500,1500,1500,1500,1500,1500,1500,8.2
2025-02-09,16:16:29.860,-19,0,100,0,0,1,250,-18,100,11,100,50,100,24,-0.04,0.00,-0.32,ANGL,16.6,0.3,202,97,51.448412 11.586403,5.0,45,50,9,0.0,45,1.4,0,0,0,0,-148,-13,-1024,-1024,-1024,928,23,0,0,0,0,0,0,0,0,1,0,-1,0x0500001800000000,1494,1511,1428,1505,1000,1275,1000,1500,1040,1500,1500,1000,1500,988,1500,1500,1500,1500,1500,1500,1500,1500,1500,1500,1500,1500,1500,1500,1500,1500,1500,1500,8.2
2025-02-09,16:16:30.110,-19,0,100,0,0,1,250,-18,100,11,100,50,100,24,-0.04,0.00,-0.32,ANGL,16.6,0.3,202,97,51.448444 11.586454,5.0,45,50,9,0.0,45,1.4,0,0,0,0,-148,-13,-1024,-1024,-1024,928,23,0,0,0,0,0,0,0,0,1,0,-1,0x0500001800000000,1494,1511,1428,1505,1000,1275,1000,1500,1040,1500,1500,1000,1500,988,1500,1500,1500,1500,1500,1500,1500,1500,1500,1500,1500,1500,1500,1500,1500,1500,1500,1500,8.2
2025-02-09,16:16:30.360,-19,0,100,0,0,1,250,-18,100,11,100,50,100,24,-0.04,0.00,-0.32,ANGL,16.6,0.3,202,97,51.448475 11.586505,5.0,45,50,9,0.0,45,1.4,0,0,0,0,-148,-13,-1024,-1024,-1024,928,23,0,0,0,0,0,0,0,0,1,0,-1,0x0500001800000000,1494,1511,1428,1505,1000,1275,1000,1500,1040,1500,1500,1000,1500,988,1500,1500,1500,1500,1500,1500,1500,1500,1500,1500,1500,1500,1500,1500,1500,1500,1500,1500,8.2
2025-02-09,16:16:30.610,-19,0,100,0,0,1,250,-18,100,11,100,50,100,24,-0.04,0.00,-0.32,ANGL,16.6,0.3,202,97,51.448507 11.586556,5.0,45,50,9,0.0,45,1.4,0,0,0,0,-148,-13,-1024,-1024,-1024,928,23,0,0,0,0,0,0,0,0,1,0,-1,0x0500001800000000,1494,1511,1428,1505,1000,1275,1000,1500,1040,1500,1500,1000,1500,988,1500,1500,1500,1500,1500,1500,1500,1500,1500,1500,1500,1500,1500,1500,1500,1500,1500,1500,8.2
2025-02-09,16:16:30.860,-19,0,100,0,0,1,250,-18,100,11,100,50,100,24,-0.04,0.00,-0.32,ANGL,16.6,0.3,202,97,51.448539 11.586607,5.0,45,50,9,0.0,45,1.4,0,0,0,0,-148,-13,-1024,-1024,-1024,928,23,0,0,0,0,0,0,0,0,1,0,-1,0x0500001800000000,1494,1511,1428,1505,1000,1275,1000,1500,1040,1500,1500,1000,1500,988,1500,1500,1500,1500,1500,1500,1500,1500,1500,1500,1500,1500,1500,1500,1500,1500,1500,1500,8.2
2025-02-09,16:16:31.110,-19,0,100,0,0,1,250,-18,100,11,100,50,100,24,-0.04,0.00,-0.32,ANGL,16.6,0.3,202,97,51.448571 11.586658,5.0,45,50,9,0.0,45,1.4,0,0,0,0,-148,-13,-1024,-1024,-1024,928,23,0,0,0,0,0,0,0,0,1,0,-1,0x0500001800000000,1494,1511,1428,1505,1000,1275,1000,1500,1040,1500,1500,1000,1500,988,1500,1500,1500,1500,1500,1500,1500,1500,1500,1500,1500,1500,1500,1500,1500,1500,1500,1500,8.2
2025-02-09,16:16:31.360,-19,0,100,0,0,1,250,-18,100,11,100,50,100,24,-0.04,0.00,-0.32,ANGL,16.6,0.3,202,97,51.448603 11.586709,5.0,45,50,9,0.0,45,1.4,0,0,0,0,-148,-13,-1024,-1024,-1024,928,23,0,0,0,0,0,0,0,0,1,0,-1,0x0500001800000000,1494,1511,1428,1505,1000,1275,1000,1500,1040,1500,1500,1000,1500,988,1500,1500,1500,1500,1500,1500,1500,1500,1500,1500,1500,1500,1500,1500,1500,1500,1500,1500,8.2
2025-02-09,16:16:31.610,-19,0,100,0,0,1,250,-18,100,11,100,50,100,24,-0.04,0.00,-0.32,ANGL,16.6,0.3,202,97,51.448634 11.586760,5.0,45,50,9,0.0,45,1.4,0,0,0,0,-148,-13,-1024,-1024,-1024,928,23,0,0,0,0,0,0,0,0,1,0,-1,0x0500001800000000,1494,1511,1428,1505,1000,1275,1000,1500,1040,1500,1500,1000,1500,988,1500,1500,1500,1500,1500,1500,1500,1500,1500,1500,1500,1500,1500,1500,1500,1500,1500,1500,8.2
2025-02-09,16:16:31.860,-19,0,100,0,0,1,250,-18,100,11,100,50,100,24,-0.04,0.00,-0.32,ANGL,16.6,0.3,202,97,51.448666 11.586811,5.0,45,50,9,0.0,45,1.4,0,0,0,0,-148,-13,-1024,-1024,-1024,928,23,0,0,0,0,0,0,0,0,1,0,-1,0x0500001800000000,1494,1511,1428,1505,1000,1275,1000,1500,1040,1500,1500,1000,1500,988,1500,1500,1500,1500,1500,1500,1500,1500,1500,1500,1500,1500,1500,1500,1500,1500,1500,1500,8.2
2025-02-09,16:16:32.110,-19,0,100,0,0,1,250,-18,100,11,100,50,100,24,-0.04,0.00,-0.32,ANGL,16.6,0.3,202,97,51.448698 11.586862,5.0,45,50,9,0.0,45,1.4,0,0,0,0,-148,-13,-1024,-1024,-1024,928,23,0,0,0,0,0,0,0,0,1,0,-1,0x0500001800000000,1494,1511,1428,1505,1000,1275,1000,1500,1040,1500,1500,1000,1500,988,1500,1500,1500,1500,1500,1500,1500,1500,1500,1500,1500,1500,1500,1500,1500,1500,1500,1500,8.2
2025-02-09,16:16:32.360,-19,0,100,0,0,1,250,-18,100,11,100,50,100,24,-0.04,0.00,-0.32,ANGL,16.6,0.3,202,97,51.448730 11.586913,5.0,45,50,9,0.0,45,1.4,0,0,0,0,-148,-13,-1024,-1024,-1024,928,23,0,0,0,0,0,0,0,0,1,0,-1,0x0500001800000000,1494,1511,1428,1505,1000,1275,1000,1500,1040,1500,1500,1000,1500,988,1500,1500,1500,1500,1500,1500,1500,1500,1500,1500,1500,1500,1500,1500,1500,1500,1500,1500,8.2
2025-02-09,16:16:32.610,-19,0,100,0,0,1,250,-18,100,11,100,50,100,24,-0.04,0.00,-0.32,ANGL,16.6,0.3,202,97,51.448762 11.586964,5.0,45,50,9,0.0,45,1.4,0,0,0,0,-148,-13,-1024,-1024,-1024,928,23,0,0,0,0,0,0,0,0,1,0,-1,0x0500001800000000,1494,1511,1428,1505,1000,1275,1000,1500,1040,1500,1500,1000,1500,988,1500,1500,1500,1500,1500,1500,1500,1500,1500,1500,1500,1500,1500,1500,1500,1500,1500,1500,8.2
2025-02-09,16:16:32.860,-19,0,100,0,0,1,250,-18,100,11,100,50,100,24,-0.04,0.00,-0.32,ANGL,16.6,0.3,202,97,51.448793 11.587015,5.0,45,50,9,0.0,45,1.4,0,0,0,0,-148,-13,-1024,-1024,-1024,928,23,0,0,0,0,0,0,0,0,1,0,-1,0x0500001800000000,1494,1511,1428,1505,1000,1275,1000,1500,1040,1500,1500,1000,1500,988,1500,1500,1500,1500,1500,1500,1500,1500,1500,1500,1500,1500,1500,1500,1500,1500,1500,1500,8.2
2025-02-09,16:16:33.110,-19,0,100,0,0,1,250,-18,100,11,100,50,100,24,-0.04,0.00,-0.32,ANGL,16.6,0.3,202,97,51.448825 11.587066,5.0,45,50,9,0.0,45,1.4,0,0,0,0,-148,-13,-1024,-1024,-1024,928,23,0,0,0,0,0,0,0,0,1,0,-1,0x0500001800000000,1494,1511,1428,1505,1000,1275,1000,1500,1040,1500,1500,1000,1500,988,1500,1500,1500,1500,1500,1500,1500,1500,1500,1500,1500,1500,1500,1500,1500,1500,1500,1500,8.2
2025-02-09,16:16:33.360,-19,0,100,0,0,1,250,-18,100,11,100,50,100,24,-0.04,0.00,-0.32,ANGL,16.6,0.3,202,97,51.448857 11.587117,5.0,45,50,9,0.0,45,1.4,0,0,0,0,-148,-13,-1024,-1024,-1024,928,23,0,0,0,0,0,0,0,0,1,0,-1,0x0500001800000000,1494,1511,1428,1505,1000,1275,1000,1500,1040,1500,1500,1000,1500,988,1500,1500,1500,1500,1500,1500,1500,1500,1500,1500,1500,1500,1500,1500,1500,1500,1500,1500,8.2
2025-02-09,16:16:33.610,-19,0,100,0,0,1,250,-18,100,11,100,50,100,24,-0.04,0.00,-0.32,ANGL,16.6,0.3,202,97,51.448889 11.587168,5.0,45,50,9,0.0,45,1.4,0,0,0,0,-148,-13,-1024,-1024,-1024,928,23,0,0,0,0,0,0,0,0,1,0,-1,0x0500001800000000,1494,1511,1428,1505,1000,1275,1000,1500,1040,1500,1500,1000,1500,988,1500,1500,1500,1500,1500,1500,1500,1500,1500,1500,1500,1500,1500,1500,1500,1500,1500,1500,8.2
2025-02-09,16:16:33.860,-19,0,100,0,0,1,250,-18,100,11,100,50,100,24,-0.04,0.00,-0.32,ANGL,16.6,0.3,202,97,51.448921 11.587219,5.0,45,50,9,0.0,45,1.4,0,0,0,0,-148,-13,-1024,-1024,-1024,928,23,0,0,0,0,0,0,0,0,1,0,-1,0x0500001800000000,1494,1511,1428,1505,1000,1275,1000,1500,1040,1500,1500,1000,1500,988,1500,1500,1500,1500,1500,1500,1500,1500,1500,1500,1500,1500,1500,1500,1500,1500,1500,1500,8.2
2025-02-09,16:16:34.110,-19,0,100,0,0,1,250,-18,100,11,100,50,100,24,-0.04,0.00,-0.32,ANGL,16.6,0.3,202,97,51.448952 11.587271,5.0,45,50,9,0.0,45,1.4,0,0,0,0,-148,-13,-1024,-1024,-1024,928,23,0,0,0,0,0,0,0,0,1,0,-1,0x0500001800000000,1494,1511,1428,1505,1000,1275,1000,1500,1040,1500,1500,1000,1500,988,1500,1500,1500,1500,1500,1500,1500,1500,1500,1500,1500,1500,1500,1500,1500,1500,1500,1500,8.2
2025-02-09,16:16:34.360,-19,0,100,0,0,1,250,-18,100,11,100,50,100,24,-0.04,0.00,-0.32,ANGL,16.6,0.3,202,97,51.448984 11.587322,5.0,45,50,9,0.0,45,1.4,0,0,0,0,-148,-13,-1024,-1024,-1024,928,23,0,0,0,0,0,0,0,0,1,0,-1,0x0500001800000000,1494,1511,1428,1505,1000,1275,1000,1500,1040,1500,1500,1000,1500,988,1500,1500,1500,1500,1500,1500,1500,1500,1500,1500,1500,1500,1500,1500,1500,1500,1500,1500,8.2
2025-02-09,16:16:34.610,-19,0,100,0,0,1,250,-18,100,11,100,50,100,24,-0.04,0.00,-0.32,ANGL,16.6,0.3,202,97,51.449016 11.587373,5.0,45,50,9,0.0,45,1.4,0,0,0,0,-148,-13,-1024,-1024,-1024,928,23,0,0,0,0,0,0,0,0,1,0,-1,0x0500001800000000,1494,1511,1428,1505,1000,1275,1000,1500,1040,1500,1500,1000,1500,988,1500,1500,1500,1500,1500,1500,1500,1500,1500,1500,1500,1500,1500,1500,1500,1500,1500,1500,8.2
2025-02-09,16:16:34.860,-19,0,100,0,0,1,250,-18,100,11,100,50,100,24,-0.04,0.00,-0.32,ANGL,16.6,0.3,202,97,51.449048 11.587424,5.0,45,50,9,0.0,45,1.4,0,0,0,0,-148,-13,-1024,-1024,-1024,928,23,0,0,0,0,0,0,0,0,1,0,-1,0x0500001800000000,1494,1511,1428,1505,1000,1275,1000,1500,1040,1500,1500,1000,1500,988,1500,1500,1500,1500,1500,1500,1500,1500,1500,1500,1500,1500,1500,1500,1500,1500,1500,1500,8.2
2025-02-09,16:16:35.110,-19,0,100,0,0,1,250,-18,100,11,100,50,100,24,-0.04,0.00,-0.32,ANGL,16.6,0.3,202,97,51.449079 11.587475,5.0,45,50,9,0.0,45,1.4,0,0,0,0,-148,-13,-1024,-1024,-1024,928,23,0,0,0,0,0,0,0,0,1,0,-1,0x0500001800000000,1494,1511,1428,1505,1000,1275,1000,1500,1040,1500,1500,1000,1500,988,1500,1500,1500,1500,1500,1500,1500,1500,1500,1500,1500,1500,1500,1500,1500,1500,1500,1500,8.2
2025-02-09,16:16:35.360,-19,0,100,0,0,1,250,-18,100,11,100,50,100,24,-0.04,0.00,-0.32,ANGL,16.6,0.3,202,97,51.449111 11.587526,5.0,45,50,9,0.0,45,1.4,0,0,0,0,-148,-13,-1024,-1024,-1024,928,23,0,0,0,0,0,0,0,0,1,0,-1,0x0500001800000000,1494,1511,1428,1505,1000,1275,1000,1500,1040,1500,1500,1000,1500,988,1500,1500,1500,1500,1500,1500,1500,1500,1500,1500,1500,1500,1500,1500,1500,1500,1500,1500,8.2
2025-02-09,16:16:35.610,-19,0,100,0,0,1,250,-18,100,11,100,50,100,24,-0.04,0.00,-0.32,ANGL,16.6,0.3,202,97,51.449143 11.587577,5.0,45,50,9,0.0,45,1.4,0,0,0,0,-148,-13,-1024,-1024,-1024,928,23,0,0,0,0,0,0,0,0,1,0,-1,0x0500001800000000,1494,1511,1428,1505,1000,1275,1000,1500,1040,1500,1500,1000,1500,988,1500,1500,1500,1500,1500,1500,1500,1500,1500,1500,1500,1500,1500,1500,1500,1500,1500,1500,8.2
2025-02-09,16:16:35.860,-19,0,100,0,0,1,250,-18,100,11,100,50,100,24,-0.04,0.00,-0.32,ANGL,16.6,0.3,202,97,51.449175 11.587628,5.0,45,50,9,0.0,45,1.4,0,0,0,0,-148,-13,-1024,-1024,-1024,928,23,0,0,0,0,0,0,0,0,1,0,-1,0x0500001800000000,1494,1511,1428,1505,1000,1275,1000,1500,1040,1500,1500,1000,1500,988,1500,1500,1500,1500,1500,1500,1500,1500,1500,1500,1500,1500,1500,1500,1500,1500,1500,1500,8.2
2025-02-09,16:16:36.110,-19,0,100,0,0,1,250,-18,100,11,100,50,100,24,-0.04,0.00,-0.32,ANGL,16.6,0.3,202,97,51.449207 11.587679,5.0,45,50,9,0.0,45,1.4,0,0,0,0,-148,-13,-1024,-1024,-1024,928,23,0,0,0,0,0,0,0,0,1,0,-1,0x0500001800000000,1494,1511,1428,1505,1000,1275,1000,1500,1040,1500,1500,1000,1500,988,1500,1500,1500,1500,1500,1500,1500,1500,1500,1500,1500,1500,1500,1500,1500,1500,1500,1500,8.2
2025-02-09,16:16:36.360,-19,0,100,0,0,1,250,-18,100,11,100,50,100,24,-0.04,0.00,-0.32,ANGL,16.6,0.3,202,97,51.449238 11.587730,5.0,45,50,9,0.0,45,1.4,0,0,0,0,-148,-13,-1024,-1024,-1024,928,23,0,0,0,0,0,0,0,0,1,0,-1,0x0500001800000000,1494,1511,1428,1505,1000,1275,1000,1500,1040,1500,1500,1000,1500,988,1500,1500,1500,1500,1500,1500,1500,1500,1500,1500,1500,1500,1500,1500,1500,1500,1500,1500,8.2
2025-02-09,16:16:36.610,-19,0,100,0,0,1,250,-18,100,11,100,50,100,24,-0.04,0.00,-0.32,ANGL,16.6,0.3,202,97,51.449270 11.587781,5.0,45,50,9,0.0,45,1.4,0,0,0,0,-148,-13,-1024,-1024,-1024,928,23,0,0,0,0,0,0,0,0,1,0,-1,0x0500001800000000,1494,1511,1428,1505,1000,1275,1000,1500,1040,1500,1500,1000,1500,988,1500,1500,1500,1500,1500,1500,1500,1500,1500,1500,1500,1500,1500,1500,1500,1500,1500,1500,8.2
2025-02-09,16:16:36.860,-19,0,100,0,0,1,250,-18,100,11,100,50,100,24,-0.04,0.00,-0.32,ANGL,16.6,0.3,202,97,51.449302 11.587832,5.0,45,50,9,0.0,45,1.4,0,0,0,0,-148,-13,-1024,-1024,-1024,928,23,0,0,0,0,0,0,0,0,1,0,-1,0x0500001800000000,1494,1511,1428,1505,1000,1275,1000,1500,1040,1500,1500,1000,1500,988,1500,1500,1500,1500,1500,1500,1500,1500,1500,1500,1500,1500,1500,1500,1500,1500,1500,1500,8.2
2025-02-09,16:16:37.110,-19,0,100,0,0,1,250,-18,100,11,100,50,100,24,-0.04,0.00,-0.32,ANGL,16.6,0.3,202,97,51.449334 11.587883,5.0,45,50,9,0.0,45,1.4,0,0,0,0,-148,-13,-1024,-1024,-1024,928,23,0,0,0,0,0,0,0,0,1,0,-1,0x0500001800000000,1494,1511,1428,1505,1000,1275,1000,1500,1040,1500,1500,1000,1500,988,1500,1500,1500,1500,1500,1500,1500,1500,1500,1500,1500,1500,1500,1500,1500,1500,1500,1500,8.2
2025-02-09,16:16:37.360,-19,0,100,0,0,1,250,-18,100,11,100,50,100,24,-0.04,0.00,-0.32,ANGL,16.6,0.3,202,97,51.449366 11.587934,5.0,45,50,9,0.0,45,1.4,0,0,0,0,-148,-13,-1024,-1024,-1024,928,23,0,0,0,0,0,0,0,0,1,0,-1,0x0500001800000000,1494,1511,1428,1505,1000,1275,1000,1500,1040,1500,1500,1000,1500,988,1500,1500,1500,1500,1500,1500,1500,1500,1500,1500,1500,1500,1500,1500,1500,1500,1500,1500,8.2
2025-02-09,16:16:37.610,-19,0,100,0,0,1,250,-18,100,11,100,50,100,24,-0.04,0.00,-0.32,ANGL,16.6,0.3,202,97,51.449397 11.587985,5.0,45,50,9,0.0,45,1.4,0,0,0,0,-148,-13,-1024,-1024,-1024,928,23,0,0,0,0,0,0,0,0,1,0,-1,0x0500001800000000,1494,1511,1428,1505,1000,1275,1000,1500,1040,1500,1500,1000,1500,988,1500,1500,1500,1500,1500,1500,1500,1500,1500,1500,1500,1500,1500,1500,1500,1500,1500,1500,8.2
2025-02-09,16:16:37.860,-19,0,100,0,0,1,250,-18,100,11,100,50,100,24,-0.04,0.00,-0.32,ANGL,16.6,0.3,202,97,51.449429 11.588036,5.0,45,50,9,0.0,45,1.4,0,0,0,0,-148,-13,-1024,-1024,-1024,928,23,0,0,0,0,0,0,0,0,1,0,-1,0x0500001800000000,1494,1511,1428,1505,1000,1275,1000,1500,1040,1500,1500,1000,1500,988,1500,1500,1500,1500,1500,1500,1500,1500,1500,1500,1500,1500,1500,1500,1500,1500,1500,1500,8.2
2025-02-09,16:16:38.110,-19,0,100,0,0,1,250,-18,100,11,100,50,100,24,-0.04,0.00,-0.32,ANGL,16.6,0.3,202,97,51.449461 11.588087,5.0,45,50,9,0.0,45,1.4,0,0,0,0,-148,-13,-1024,-1024,-1024,928,23,0,0,0,0,0,0,0,0,1,0,-1,0x0500001800000000,1494,1511,1428,1505,1000,1275,1000,1500,1040,1500,1500,1000,1500,988,1500,1500,1500,1500,1500,1500,1500,1500,1500,1500,1500,1500,1500,1500,1500,1500,1500,1500,8.2
2025-02-09,16:16:38.360,-19,0,100,0,0,1,250,-18,100,11,100,50,100,24,-0.04,0.00,-0.32,ANGL,16.6,0.3,202,97,51.449493 11.588138,5.0,45,50,9,0.0,45,1.4,0,0,0,0,-148,-13,-1024,-1024,-1024,928,23,0,0,0,0,0,0,0,0,1,0,-1,0x0500001800000000,1494,1511,1428,1505,1000,1275,1000,1500,1040,1500,1500,1000,1500,988,1500,1500,1500,1500,1500,1500,1500,1500,1500,1500,1500,1500,1500,1500,1500,1500,1500,1500,8.2
2025-02-09,16:16:38.610,-19,0,100,0,0,1,250,-18,100,11,100,50,100,24,-0.04,0.00,-0.32,ANGL,16.6,0.3,202,97,51.449525 11.588189,5.0,45,50,9,0.0,45,1.4,0,0,0,0,-148,-13,-1024,-1024,-1024,928,23,0,0,0,0,0,0,0,0,1,0,-1,0x0500001800000000,1494,1511,1428,1505,1000,1275,1000,1500,1040,1500,1500,1000,1500,988,1500,1500,1500,1500,1500,1500,1500,1500,1500,1500,1500,1500,1500,1500,1500,1500,1500,1500,8.2
2025-02-09,16:16:38.860,-19,0,100,0,0,1,250,-18,100,11,100,50,100,24,-0.04,0.00,-0.32,ANGL,16.6,0.3,202,97,51.449556 11.588240,5.0,45,50,9,0.0,45,1.4,0,0,0,0,-148,-13,-1024,-1024,-1024,928,23,0,0,0,0,0,0,0,0,1,0,-1,0x0500001800000000,1494,1511,1428,1505,1000,1275,1000,1500,1040,1500,1500,1000,1500,988,1500,1500,1500,1500,1500,1500,1500,1500,1500,1500,1500,1500,1500,1500,1500,1500,1500,1500,8.2
2025-02-09,16:16:39.110,-19,0,100,0,0,1,250,-18,100,11,100,50,100,24,-0.04,0.00,-0.32,ANGL,16.6,0.3,202,97,51.449588 11.588291,5.0,45,50,9,0.0,45,1.4,0,0,0,0,-148,-13,-1024,-1024,-1024,928,23,0,0,0,0,0,0,0,0,1,0,-1,0x0500001800000000,1494,1511,1428,1505,1000,1275,1000,1500,1040,1500,1500,1000,1500,988,1500,1500,1500,1500,1500,1500,1500,1500,1500,1500,1500,1500,1500,1500,1500,1500,1500,1500,8.2
2025-02-09,16:16:39.360,-19,0,100,0,0,1,250,-18,100,11,100,50,100,24,-0.04,0.00,-0.32,ANGL,16.6,0.3,202,97,51.449620 11.588342,5.0,45,50,9,0.0,45,1.4,0,0,0,0,-148,-13,-1024,-1024,-1024,928,23,0,0,0,0,0,0,0,0,1,0,-1,0x0500001800000000,1494,1511,1428,1505,1000,1275,1000,1500,1040,1500,1500,1000,1500,988,1500,1500,1500,1500,1500,1500,1500,1500,1500,1500,1500,1500,1500,1500,1500,1500,1500,1500,8.2
2025-02-09,16:16:39.610,-19,0,100,0,0,1,250,-18,100,11,100,50,100,24,-0.04,0.00,-0.32,ANGL,16.6,0.3,202,97,51.449652 11.588393,5.0,45,50,9,0.0,45,1.4,0,0,0,0,-148,-13,-1024,-1024,-1024,928,23,0,0,0,0,0,0,0,0,1,0,-1,0x0500001800000000,1494,1511,1428,1505,1000,1275,1000,1500,1040,1500,1500,1000,1500,988,1500,1500,1500,1500,1500,1500,1500,1500,1500,1500,1500,1500,1500,1500,1500,1500,1500,1500,8.2
2025-02-09,16:16:39.860,-19,0,100,0,0,1,250,-18,100,11,100,50,100,24,-0.04,0.00,-0.32,ANGL,16.6,0.3,202,97,51.449684 11.588444,5.0,45,50,9,0.0,45,1.4,0,0,0,0,-148,-13,-1024,-1024,-1024,928,23,0,0,0,0,0,0,0,0,1,0,-1,0x0500001800000000,1494,1511,1428,1505,1000,1275,1000,1500,1040,1500,1500,1000,1500,988,1500,1500,1500,1500,1500,1500,1500,1500,1500,1500,1500,1500,1500,1500,1500,1500,1500,1500,8.2
2025-02-09,16:16:40.110,-19,0,100,0,0,1,250,-18,100,11,100,50,100,24,-0.04,0.00,-0.32,ANGL,16.6,0.3,202,97,51.449715 11.588495,5.0,45,50,9,0.0,45,1.4,0,0,0,0,-148,-13,-1024,-1024,-1024,928,23,0,0,0,0,0,0,0,0,1,0,-1,0x0500001800000000,1494,1511,1428,1505,1000,1275,1000,1500,1040,1500,1500,1000,1500,988,1500,1500,1500,1500,1500,1500,1500,1500,1500,1500,1500,1500,1500,1500,1500,1500,1500,1500,8.2
2025-02-09,16:16:40.360,-19,0,100,0,0,1,250,-18,100,11,100,50,100,24,-0.04,0.00,-0.32,ANGL,16.6,0.3,202,97,51.449747 11.588546,5.0,45,50,9,0.0,45,1.4,0,0,0,0,-148,-13,-1024,-1024,-1024,928,23,0,0,0,0,0,0,0,0,1,0,-1,0x0500001800000000,1494,1511,1428,1505,1000,1275,1000,1500,1040,1500,1500,1000,1500,988,1500,1500,1500,1500,1500,1500,1500,1500,1500,1500,1500,1500,1500,1500,1500,1500,1500,1500,8.2
